"id","tu","name","kurzer_name","anzahl_ausfaelle","id_vmkat","vmkat","anzahl_linien","anzahl_halte"
1,PAG, PostAuto Schweiz AG,PostAuto,462150,"1",Bus - Überland/Berg,492,"1-2 Haltestellen"
2,TL, Transports Publics de la Région Lausannoise sa,Bus Lausanne,191848,"2",Bus - Agglomeration,10,"14-21 Haltestellen"
3,PAG, PostAuto Schweiz AG,PostAuto,86045,"1",Bus - Überland/Berg,336,"14-21 Haltestellen"
4,PAG, PostAuto Schweiz AG,PostAuto,85793,"1",Bus - Überland/Berg,446,"7-13 Haltestellen"
5,TL, Transports Publics de la Région Lausannoise sa,Bus Lausanne,67607,"2",Bus - Agglomeration,14,"7-13 Haltestellen"
6,PAG, PostAuto Schweiz AG,PostAuto,57171,"1",Bus - Überland/Berg,476,"3-6 Haltestellen"
7,PAG, PostAuto Schweiz AG,PostAuto,46947,"1",Bus - Überland/Berg,166,"22-39 Haltestellen"
8,VMCV, VMCV SA,Bus Montreux,45385,"1",Bus - Überland/Berg,1,"40+ Haltestellen"
9,SBB, Schweizerische Bundesbahnen SBB,Schweizerische Bundesbahnen,36063,"4",Bahn - Überland/Regionalverkehr,86,"7-13 Haltestellen"
10,TPG, Transports publics genevois (TPG),Bus Genf,34566,"2",Bus - Agglomeration,17,"22-39 Haltestellen"
11,SBB, Schweizerische Bundesbahnen SBB,Schweizerische Bundesbahnen,29771,"4",Bahn - Überland/Regionalverkehr,84,"3-6 Haltestellen"
12,BOS, BUS Ostschweiz AG,BUS Ostschweiz,24713,"1",Bus - Überland/Berg,27,"7-13 Haltestellen"
13,BOGG, Busbetrieb Olten Gösgen Gäu AG,Bus Olten,22793,"2",Bus - Agglomeration,9,"14-21 Haltestellen"
14,VBD, Landschaft Davos,Bus Davos,22379,"1",Bus - Überland/Berg,3,"7-13 Haltestellen"
15,TRN, Transports Publics Neuchâtelois SA,Bus Neuchatel,19782,"1",Bus - Überland/Berg,10,"3-6 Haltestellen"
16,TMR, TMR Transports de Martigny et Régions SA,Bus Wallis,17568,"1",Bus - Überland/Berg,7,"7-13 Haltestellen"
17,AB, Appenzeller Bahnen AG,Appenzeller Bahnen,17516,"3",Bahn - Überland/Berg,5,"3-6 Haltestellen"
18,SVB, Städtische Verkehrsbetriebe Bern (SVB),Bernmobil,16874,"2",Bus - Agglomeration,30,"7-13 Haltestellen"
19,TL, Transports Publics de la Région Lausannoise sa,Bus Lausanne,16534,"2",Bus - Agglomeration,7,"22-39 Haltestellen"
20,RBS, Regionalverkehr Bern-Solothurn AG,Regionalverkehr Bern-Solothurn,15823,"2",Bus - Agglomeration,20,"3-6 Haltestellen"
21,VBZ, Stadt Zürich,Bus Zürich,15570,"1",Bus - Überland/Berg,10,"14-21 Haltestellen"
22,TMR, TMR Transports de Martigny et Régions SA,Bus Wallis,14649,"1",Bus - Überland/Berg,4,"3-6 Haltestellen"
23,BOS, BUS Ostschweiz AG,BUS Ostschweiz,14348,"1",Bus - Überland/Berg,10,"22-39 Haltestellen"
24,BOS, BUS Ostschweiz AG,BUS Ostschweiz,14045,"1",Bus - Überland/Berg,24,"14-21 Haltestellen"
25,RBS, Regionalverkehr Bern-Solothurn AG,Regionalverkehr Bern-Solothurn,13687,"2",Bus - Agglomeration,21,"7-13 Haltestellen"
26,MBC, Transports de la région Morges-Bière-Cossonay SA,Bahn MBC,13521,"3",Bahn - Überland/Berg,9,"7-13 Haltestellen"
27,TMR, TMR Transports de Martigny et Régions SA,Bus Wallis,13413,"1",Bus - Überland/Berg,2,"14-21 Haltestellen"
28,VBSH, Stadt Schaffhausen,Bus Schaffhausen,12764,"1",Bus - Überland/Berg,5,"3-6 Haltestellen"
29,VMCV, VMCV SA,Bus Montreux,12187,"1",Bus - Überland/Berg,4,"14-21 Haltestellen"
30,BLAG, Busland AG,Busland,11635,"1",Bus - Überland/Berg,15,"14-21 Haltestellen"
31,VZO, Verkehrsbetriebe Zürichsee und Oberland (VZO) AG,Bus Zürichsee,11478,"2",Bus - Agglomeration,13,"14-21 Haltestellen"
32,SBB, Schweizerische Bundesbahnen SBB,Schweizerische Bundesbahnen,11324,"4",Bahn - Überland/Regionalverkehr,61,"14-21 Haltestellen"
33,MBC, Transports de la région Morges-Bière-Cossonay SA,Bahn MBC,11052,"3",Bahn - Überland/Berg,7,"14-21 Haltestellen"
34,SVB, Städtische Verkehrsbetriebe Bern (SVB),Bernmobil,10904,"2",Bus - Agglomeration,22,"14-21 Haltestellen"
35,SZU, Sihltal Zürich Uetliberg Bahn SZU AG,Bahn Sihltal,10717,"1",Bus - Überland/Berg,8,"7-13 Haltestellen"
36,VZO, Verkehrsbetriebe Zürichsee und Oberland (VZO) AG,Bus Zürichsee,10071,"2",Bus - Agglomeration,21,"7-13 Haltestellen"
37,ABG, Alsa Bustours Gex S.A.S,Bustour Genf,9290,"1",Bus - Überland/Berg,2,"7-13 Haltestellen"
38,STI, STI Bus AG,Verkehrsbetriebe Steffisburg-Thun-Interlaken,8888,"1",Bus - Überland/Berg,24,"7-13 Haltestellen"
39,TRAVYS, TRAVYS - Transports Vallée-de-Joux - Yverdon-les-B,Bus Yverdon,8657,"1",Bus - Überland/Berg,7,"7-13 Haltestellen"
40,BLAG, Busland AG,Busland,8655,"1",Bus - Überland/Berg,16,"7-13 Haltestellen"
41,VB, Verkehrsbetriebe Biel,Bus Biel,8361,"1",Bus - Überland/Berg,5,"22-39 Haltestellen"
42,BLT, BLT Baselland Transport AG,Bus Baselland,8277,"1",Bus - Überland/Berg,12,"14-21 Haltestellen"
43,VB, Verkehrsbetriebe Biel,Bus Biel,8262,"1",Bus - Überland/Berg,9,"14-21 Haltestellen"
44,TRAVYS, TRAVYS - Transports Vallée-de-Joux - Yverdon-les-B,Bus Yverdon,8022,"1",Bus - Überland/Berg,6,"3-6 Haltestellen"
45,AVA, Aargau Verkehr AG,Bus Aargau,7576,"1",Bus - Überland/Berg,10,"14-21 Haltestellen"
46,ABG, Alsa Bustours Gex S.A.S,Bustour Genf,7561,"1",Bus - Überland/Berg,1,"14-21 Haltestellen"
47,VBSG, Stadt St. Gallen,Bus St.Gallen,7392,"2",Bus - Agglomeration,9,"22-39 Haltestellen"
48,VBZ, Stadt Zürich,Bus Zürich,7355,"1",Bus - Überland/Berg,3,"22-39 Haltestellen"
49,TRN, Transports Publics Neuchâtelois SA,Bus Neuchatel,7170,"1",Bus - Überland/Berg,9,"7-13 Haltestellen"
50,TPG, Transports publics genevois (TPG),Bus Genf,6903,"2",Bus - Agglomeration,16,"3-6 Haltestellen"
51,VBZ, Stadt Zürich,Bus Zürich,6746,"1",Bus - Überland/Berg,18,"7-13 Haltestellen"
52,NStCM, Compagnie du chemin de fer Nyon-St-Cergue-Morez SA,Bahn Waadt,6686,"3",Bahn - Überland/Berg,1,"14-21 Haltestellen"
53,BLS, BLS AG,Bern-Lötschberg-Simplon-Bahn,6546,"4",Bahn - Überland/Regionalverkehr,27,"7-13 Haltestellen"
54,AVJ, Société anonyme des auto-transports de la Vallée d,Bus AVJ,6517,"1",Bus - Überland/Berg,1,"14-21 Haltestellen"
55,SVB, Städtische Verkehrsbetriebe Bern (SVB),Bernmobil,6405,"2",Bus - Agglomeration,13,"22-39 Haltestellen"
56,BOS, BUS Ostschweiz AG,BUS Ostschweiz,6289,"1",Bus - Überland/Berg,14,"3-6 Haltestellen"
57,VBG, VBG Verkehrsbetriebe Glattal AG,Bus Glattal,6197,"1",Bus - Überland/Berg,7,"14-21 Haltestellen"
58,AMSA, Autolinea Mendrisiense SA,Bus Mendrisiense,6187,"1",Bus - Überland/Berg,4,"22-39 Haltestellen"
59,AAGR, Auto AG Rothenburg,Bus Rothenburg,6041,"2",Bus - Agglomeration,3,"14-21 Haltestellen"
60,TPL, TRASPORTI PUBBLICI LUGANESI SA (TPL),Lugano Bus,6021,"1",Bus - Überland/Berg,5,"22-39 Haltestellen"
61,TPN, TPN Transports publics de la Région Nyonnaise SA,Bus Nyon,5949,"1",Bus - Überland/Berg,3,"7-13 Haltestellen"
62,ZVB, Zugerland Verkehrsbetriebe AG,Bus Zug,5793,"1",Bus - Überland/Berg,13,"14-21 Haltestellen"
63,TPN, TPN Transports publics de la Région Nyonnaise SA,Bus Nyon,5555,"1",Bus - Überland/Berg,3,"14-21 Haltestellen"
64,REGO, Regiobus (St. Gallen),Regiobus St. Gallen,5446,"1",Bus - Überland/Berg,6,"14-21 Haltestellen"
65,SVB, Städtische Verkehrsbetriebe Bern (SVB),Bernmobil,5357,"2",Bus - Agglomeration,33,"3-6 Haltestellen"
66,VBG, VBG Verkehrsbetriebe Glattal AG,Bus Glattal,5346,"1",Bus - Überland/Berg,18,"7-13 Haltestellen"
67,LEB, Compagnie du chemin de fer Lausanne-Echallens-Berc,Bahn Lausanne,5316,"3",Bahn - Überland/Berg,1,"14-21 Haltestellen"
68,TPG, Transports publics genevois (TPG),Bus Genf,5309,"2",Bus - Agglomeration,15,"1-2 Haltestellen"
69,ZVB, Zugerland Verkehrsbetriebe AG,Bus Zug,5125,"1",Bus - Überland/Berg,20,"7-13 Haltestellen"
70,BOS, BUS Ostschweiz AG,BUS Ostschweiz,5033,"1",Bus - Überland/Berg,2,"1-2 Haltestellen"
71,VBSG, Stadt St. Gallen,Bus St.Gallen,4995,"2",Bus - Agglomeration,12,"14-21 Haltestellen"
72,TPF, Transports publics fribourgeois SA,Bus Fribourg,4980,"1",Bus - Überland/Berg,34,"14-21 Haltestellen"
73,ARL, Società Autolinee Regionali Luganesi,Bus Luganesi,4947,"1",Bus - Überland/Berg,1,"0 Haltestellen"
74,ARL, Società Autolinee Regionali Luganesi,Bus Luganesi,4947,"1",Bus - Überland/Berg,1,"1-2 Haltestellen"
75,BOGG, Busbetrieb Olten Gösgen Gäu AG,Bus Olten,4906,"2",Bus - Agglomeration,10,"7-13 Haltestellen"
76,AVJ, Société anonyme des auto-transports de la Vallée d,Bus AVJ,4824,"1",Bus - Überland/Berg,1,"7-13 Haltestellen"
77,TPF, Transports publics fribourgeois SA,Bus Fribourg,4802,"1",Bus - Überland/Berg,44,"7-13 Haltestellen"
78,BLT, BLT Baselland Transport AG,Bus Baselland,4783,"1",Bus - Überland/Berg,7,"22-39 Haltestellen"
79,TRN, Transports Publics Neuchâtelois SA,Bus Neuchatel,4669,"1",Bus - Überland/Berg,10,"1-2 Haltestellen"
80,TPF, Transports publics fribourgeois SA,Bus Fribourg,4575,"1",Bus - Überland/Berg,15,"22-39 Haltestellen"
81,BSU, Busbetrieb Solothurn und Umgebung AG,Bus Solothurn,4517,"2",Bus - Agglomeration,10,"7-13 Haltestellen"
82,TPC, Transports Publics du Chablais SA,Bus Chablais ,4491,"1",Bus - Überland/Berg,6,"7-13 Haltestellen"
83,TRAVYS, TRAVYS - Transports Vallée-de-Joux - Yverdon-les-B,Bus Yverdon,4385,"1",Bus - Überland/Berg,3,"22-39 Haltestellen"
84,BGU, BGU Busbetrieb Grenchen und Umgebung AG,Bus Grenchen,4320,"2",Bus - Agglomeration,10,"14-21 Haltestellen"
85,TPC, Transports Publics du Chablais SA,Bus Chablais ,4203,"1",Bus - Überland/Berg,5,"14-21 Haltestellen"
86,VBSH, Stadt Schaffhausen,Bus Schaffhausen,4077,"1",Bus - Überland/Berg,3,"22-39 Haltestellen"
87,VBL, Verkehrsbetriebe Luzern AG,Bus Luzern,4010,"2",Bus - Agglomeration,1,"22-39 Haltestellen"
88,BSU, Busbetrieb Solothurn und Umgebung AG,Bus Solothurn,3985,"2",Bus - Agglomeration,8,"14-21 Haltestellen"
89,FLP, Ferrovie Luganesi SA,Bahn Lugano,3966,"4",Bahn - Überland/Regionalverkehr,1,"3-6 Haltestellen"
90,BuS, Bus und Service AG,BuS AG,3946,"1",Bus - Überland/Berg,3,"14-21 Haltestellen"
91,BuS, Bus und Service AG,BuS AG,3935,"1",Bus - Überland/Berg,3,"22-39 Haltestellen"
92,SBG, SBG SüdbadenBus GmbH,Bus Südbaden,3924,"1",Bus - Überland/Berg,1,"7-13 Haltestellen"
93,RA, REGIONALPS SA ,Regionalps,3899,"4",Bahn - Überland/Regionalverkehr,4,"3-6 Haltestellen"
94,MGB, Matterhorn Gotthard Verkehrs AG,Bahn Matterhorn,3872,"3",Bahn - Überland/Berg,3,"1-2 Haltestellen"
95,TL, Transports Publics de la Région Lausannoise sa,Bus Lausanne,3806,"2",Bus - Agglomeration,9,"1-2 Haltestellen"
96,VBG, VBG Verkehrsbetriebe Glattal AG,Bus Glattal,3738,"1",Bus - Überland/Berg,20,"3-6 Haltestellen"
97,RBS, Regionalverkehr Bern-Solothurn AG,Regionalverkehr Bern-Solothurn,3696,"2",Bus - Agglomeration,12,"14-21 Haltestellen"
98,MBC, Transports de la région Morges-Bière-Cossonay SA,Bahn MBC,3676,"3",Bahn - Überland/Berg,7,"3-6 Haltestellen"
99,BLS, BLS AG,Bern-Lötschberg-Simplon-Bahn,3533,"4",Bahn - Überland/Regionalverkehr,30,"3-6 Haltestellen"
100,VBG, VBG Verkehrsbetriebe Glattal AG,Bus Glattal,3478,"1",Bus - Überland/Berg,20,"1-2 Haltestellen"
101,TRAVYS, TRAVYS - Transports Vallée-de-Joux - Yverdon-les-B,Bus Yverdon,3409,"1",Bus - Überland/Berg,4,"14-21 Haltestellen"
102,BVB, Basler Verkehrs-Betriebe,Basler Verkehrs,3401,"2",Bus - Agglomeration,2,"22-39 Haltestellen"
103,FLP, Ferrovie Luganesi SA,Bahn Lugano,3397,"4",Bahn - Überland/Regionalverkehr,1,"7-13 Haltestellen"
104,BVB, Basler Verkehrs-Betriebe,Basler Verkehrs,3367,"2",Bus - Agglomeration,3,"7-13 Haltestellen"
105,AAGR, Auto AG Rothenburg,Bus Rothenburg,3332,"2",Bus - Agglomeration,2,"22-39 Haltestellen"
106,TPG, Transports publics genevois (TPG),Bus Genf,3326,"2",Bus - Agglomeration,16,"14-21 Haltestellen"
107,VZO, Verkehrsbetriebe Zürichsee und Oberland (VZO) AG,Bus Zürichsee,3222,"2",Bus - Agglomeration,22,"3-6 Haltestellen"
108,TPL, TRASPORTI PUBBLICI LUGANESI SA (TPL),Lugano Bus,3206,"1",Bus - Überland/Berg,3,"7-13 Haltestellen"
109,TPL, TRASPORTI PUBBLICI LUGANESI SA (TPL),Lugano Bus,3182,"1",Bus - Überland/Berg,1,"1-2 Haltestellen"
110,AB, Appenzeller Bahnen AG,Appenzeller Bahnen,3102,"3",Bahn - Überland/Berg,6,"7-13 Haltestellen"
111,VB, Verkehrsbetriebe Biel,Bus Biel,3084,"1",Bus - Überland/Berg,10,"7-13 Haltestellen"
112,RBS, Regionalverkehr Bern-Solothurn AG,Regionalverkehr Bern-Solothurn,2995,"2",Bus - Agglomeration,15,"1-2 Haltestellen"
113,BSU, Busbetrieb Solothurn und Umgebung AG,Bus Solothurn,2982,"2",Bus - Agglomeration,7,"22-39 Haltestellen"
114,VMCV, VMCV SA,Bus Montreux,2915,"1",Bus - Überland/Berg,1,"22-39 Haltestellen"
115,BLAG, Busland AG,Busland,2883,"1",Bus - Überland/Berg,6,"22-39 Haltestellen"
116,SMC, Compagnie de Chemin de Fer et d'Autobus Sierre-Mon,Bahn Montana,2878,"3",Bahn - Überland/Berg,2,"22-39 Haltestellen"
117,SZU, Sihltal Zürich Uetliberg Bahn SZU AG,Bahn Sihltal,2876,"1",Bus - Überland/Berg,8,"3-6 Haltestellen"
118,AAGS, Auto AG Schwyz,Bus Schwyz,2844,"1",Bus - Überland/Berg,6,"22-39 Haltestellen"
119,SBB, Schweizerische Bundesbahnen SBB,Schweizerische Bundesbahnen,2835,"4",Bahn - Überland/Regionalverkehr,25,"22-39 Haltestellen"
120,TPF, Transports publics fribourgeois SA,Bus Fribourg,2826,"1",Bus - Überland/Berg,29,"3-6 Haltestellen"
121,RBS, Regionalverkehr Bern-Solothurn AG,Regionalverkehr Bern-Solothurn,2816,"2",Bus - Agglomeration,3,"22-39 Haltestellen"
122,VZO, Verkehrsbetriebe Zürichsee und Oberland (VZO) AG,Bus Zürichsee,2761,"2",Bus - Agglomeration,5,"22-39 Haltestellen"
123,AAGS, Auto AG Schwyz,Bus Schwyz,2747,"1",Bus - Überland/Berg,9,"7-13 Haltestellen"
124,VBD, Landschaft Davos,Bus Davos,2736,"1",Bus - Überland/Berg,2,"3-6 Haltestellen"
125,TL, Transports Publics de la Région Lausannoise sa,Bus Lausanne,2666,"2",Bus - Agglomeration,10,"3-6 Haltestellen"
126,ZVB, Zugerland Verkehrsbetriebe AG,Bus Zug,2634,"1",Bus - Überland/Berg,3,"22-39 Haltestellen"
127,BLT, BLT Baselland Transport AG,Bus Baselland,2627,"1",Bus - Überland/Berg,17,"7-13 Haltestellen"
128,TPL, TRASPORTI PUBBLICI LUGANESI SA (TPL),Lugano Bus,2602,"1",Bus - Überland/Berg,3,"14-21 Haltestellen"
129,THURBO, Thurbo AG,Thurbo,2601,"4",Bahn - Überland/Regionalverkehr,16,"7-13 Haltestellen"
130,ASGS," René Ballestraz et fils, transports SA",Bus René Ballestraz,2599,"1",Bus - Überland/Berg,1,"22-39 Haltestellen"
131,NStCM, Compagnie du chemin de fer Nyon-St-Cergue-Morez SA,Bahn Waadt,2583,"3",Bahn - Überland/Berg,1,"7-13 Haltestellen"
132,BLT, BLT Baselland Transport AG,Bus Baselland,2494,"1",Bus - Überland/Berg,17,"3-6 Haltestellen"
133,SZU, Sihltal Zürich Uetliberg Bahn SZU AG,Bahn Sihltal,2489,"1",Bus - Überland/Berg,4,"14-21 Haltestellen"
134,asm, Aare Seeland mobil AG,Bus Aare Seeland,2394,"1",Bus - Überland/Berg,12,"7-13 Haltestellen"
135,STI, STI Bus AG,Verkehrsbetriebe Steffisburg-Thun-Interlaken,2381,"1",Bus - Überland/Berg,18,"14-21 Haltestellen"
136,VBSH, Stadt Schaffhausen,Bus Schaffhausen,2369,"1",Bus - Überland/Berg,6,"14-21 Haltestellen"
137,REGO, Regiobus (St. Gallen),Regiobus St. Gallen,2267,"1",Bus - Überland/Berg,7,"7-13 Haltestellen"
138,AMSA, Autolinea Mendrisiense SA,Bus Mendrisiense,2207,"1",Bus - Überland/Berg,3,"14-21 Haltestellen"
139,TPG, Transports publics genevois (TPG),Bus Genf,2178,"2",Bus - Agglomeration,15,"7-13 Haltestellen"
140,BGU, BGU Busbetrieb Grenchen und Umgebung AG,Bus Grenchen,2099,"2",Bus - Agglomeration,10,"7-13 Haltestellen"
141,VBZ, Stadt Zürich,Bus Zürich,2083,"1",Bus - Überland/Berg,18,"3-6 Haltestellen"
142,ZVB, Zugerland Verkehrsbetriebe AG,Bus Zug,2083,"1",Bus - Überland/Berg,20,"1-2 Haltestellen"
143,AMSA, Autolinea Mendrisiense SA,Bus Mendrisiense,1993,"1",Bus - Überland/Berg,3,"7-13 Haltestellen"
144,RA, REGIONALPS SA ,Regionalps,1977,"4",Bahn - Überland/Regionalverkehr,4,"7-13 Haltestellen"
145,ZVB, Zugerland Verkehrsbetriebe AG,Bus Zug,1956,"1",Bus - Überland/Berg,22,"3-6 Haltestellen"
146,VMCV, VMCV SA,Bus Montreux,1909,"1",Bus - Überland/Berg,3,"7-13 Haltestellen"
147,SVB, Städtische Verkehrsbetriebe Bern (SVB),Bernmobil,1882,"2",Bus - Agglomeration,33,"1-2 Haltestellen"
148,AOT, Autokurse Oberthurgau AG (AOT),Bus Oberthurgau,1867,"1",Bus - Überland/Berg,3,"14-21 Haltestellen"
149,AAGS, Auto AG Schwyz,Bus Schwyz,1855,"1",Bus - Überland/Berg,8,"14-21 Haltestellen"
150,ARAG, Rottal Auto AG,Bus Rottal,1832,"1",Bus - Überland/Berg,7,"7-13 Haltestellen"
151,asm, Aare Seeland mobil AG,Bus Aare Seeland,1805,"1",Bus - Überland/Berg,9,"14-21 Haltestellen"
152,BSU, Busbetrieb Solothurn und Umgebung AG,Bus Solothurn,1804,"2",Bus - Agglomeration,8,"3-6 Haltestellen"
153,SBB, Schweizerische Bundesbahnen SBB,Schweizerische Bundesbahnen,1800,"4",Bahn - Überland/Regionalverkehr,50,"1-2 Haltestellen"
154,VBSH, Stadt Schaffhausen,Bus Schaffhausen,1797,"1",Bus - Überland/Berg,6,"7-13 Haltestellen"
155,AAGR, Auto AG Rothenburg,Bus Rothenburg,1791,"2",Bus - Agglomeration,4,"7-13 Haltestellen"
156,VBL, Verkehrsbetriebe Luzern AG,Bus Luzern,1684,"2",Bus - Agglomeration,2,"7-13 Haltestellen"
157,VBG, VBG Verkehrsbetriebe Glattal AG,Bus Glattal,1653,"1",Bus - Überland/Berg,1,"22-39 Haltestellen"
158,REGO, Regiobus (St. Gallen),Regiobus St. Gallen,1641,"1",Bus - Überland/Berg,2,"22-39 Haltestellen"
159,TPF, Transports publics fribourgeois SA,Bus Fribourg,1594,"1",Bus - Überland/Berg,22,"1-2 Haltestellen"
160,RA, REGIONALPS SA ,Regionalps,1590,"4",Bahn - Überland/Regionalverkehr,3,"14-21 Haltestellen"
161,STI, STI Bus AG,Verkehrsbetriebe Steffisburg-Thun-Interlaken,1577,"1",Bus - Überland/Berg,15,"22-39 Haltestellen"
162,RA, REGIONALPS SA ,Regionalps,1547,"4",Bahn - Überland/Regionalverkehr,3,"22-39 Haltestellen"
163,VBZ, Stadt Zürich,Bus Zürich,1544,"1",Bus - Überland/Berg,18,"1-2 Haltestellen"
164,AAGU, AUTO AG URI,Bus Uri,1513,"1",Bus - Überland/Berg,7,"14-21 Haltestellen"
165,BuS, Bus und Service AG,BuS AG,1508,"1",Bus - Überland/Berg,4,"7-13 Haltestellen"
166,ARAG, Rottal Auto AG,Bus Rottal,1506,"1",Bus - Überland/Berg,4,"22-39 Haltestellen"
167,VBL, Verkehrsbetriebe Luzern AG,Bus Luzern,1498,"2",Bus - Agglomeration,2,"3-6 Haltestellen"
168,STI, STI Bus AG,Verkehrsbetriebe Steffisburg-Thun-Interlaken,1470,"1",Bus - Überland/Berg,24,"3-6 Haltestellen"
169,VBSG, Stadt St. Gallen,Bus St.Gallen,1446,"2",Bus - Agglomeration,10,"7-13 Haltestellen"
170,AS, Autobetrieb Sernftal AG,Bus Sernftal,1419,"1",Bus - Überland/Berg,2,"7-13 Haltestellen"
171,TPC, Transports Publics du Chablais SA,Bus Chablais ,1376,"1",Bus - Überland/Berg,4,"22-39 Haltestellen"
172,STI, STI Bus AG,Verkehrsbetriebe Steffisburg-Thun-Interlaken,1372,"1",Bus - Überland/Berg,24,"1-2 Haltestellen"
173,AVA, Aargau Verkehr AG,Bus Aargau,1306,"1",Bus - Überland/Berg,12,"7-13 Haltestellen"
174,THURBO, Thurbo AG,Thurbo,1276,"4",Bahn - Überland/Regionalverkehr,7,"14-21 Haltestellen"
175,AB, Appenzeller Bahnen AG,Appenzeller Bahnen,1270,"3",Bahn - Überland/Berg,3,"14-21 Haltestellen"
176,ARAG, Rottal Auto AG,Bus Rottal,1226,"1",Bus - Überland/Berg,4,"14-21 Haltestellen"
177,TPL, TRASPORTI PUBBLICI LUGANESI SA (TPL),Lugano Bus,1209,"1",Bus - Überland/Berg,2,"3-6 Haltestellen"
178,THURBO, Thurbo AG,Thurbo,1201,"4",Bahn - Überland/Regionalverkehr,19,"3-6 Haltestellen"
179,asm, Aare Seeland mobil AG,Bus Aare Seeland,1178,"1",Bus - Überland/Berg,12,"3-6 Haltestellen"
180,LLB, Société anonyme des transports publics de Loèche-l,Bus Leuk,1177,"1",Bus - Überland/Berg,7,"7-13 Haltestellen"
181,SBW, Stadt Winterthur,Bus Winterthur,1177,"1",Bus - Überland/Berg,2,"14-21 Haltestellen"
182,PAG, PostAuto Schweiz AG,PostAuto,1166,"1",Bus - Überland/Berg,11,"40+ Haltestellen"
183,RVBW, Regionale Verkehrsbetriebe Baden-Wettingen (RVBW) ,Bus Baden,1140,"2",Bus - Agglomeration,2,"14-21 Haltestellen"
184,TPN, TPN Transports publics de la Région Nyonnaise SA,Bus Nyon,1136,"1",Bus - Überland/Berg,4,"3-6 Haltestellen"
185,GWB, Grindelwald Bus AG,Grindelwald Bus,1115,"1",Bus - Überland/Berg,3,"14-21 Haltestellen"
186,TSD, Theytaz Excursions SA,Theytaz,1108,"1",Bus - Überland/Berg,2,"22-39 Haltestellen"
187,TRN, Transports Publics Neuchâtelois SA,Bus Neuchatel,1089,"1",Bus - Überland/Berg,4,"22-39 Haltestellen"
188,RBL, Regionalbus Lenzburg AG,Bus Lenzburg,1062,"1",Bus - Überland/Berg,5,"14-21 Haltestellen"
189,AAGS, Auto AG Schwyz,Bus Schwyz,1061,"1",Bus - Überland/Berg,3,"40+ Haltestellen"
190,zb, zb Zentralbahn AG,Zentralbahn,1038,"3",Bahn - Überland/Berg,5,"3-6 Haltestellen"
191,VBL, Verkehrsbetriebe Luzern AG,Bus Luzern,1030,"2",Bus - Agglomeration,2,"14-21 Haltestellen"
192,AS, Autobetrieb Sernftal AG,Bus Sernftal,1012,"1",Bus - Überland/Berg,1,"14-21 Haltestellen"
193,ASGS," René Ballestraz et fils, transports SA",Bus René Ballestraz,1011,"1",Bus - Überland/Berg,1,"3-6 Haltestellen"
194,AAGU, AUTO AG URI,Bus Uri,1008,"1",Bus - Überland/Berg,4,"22-39 Haltestellen"
195,BLS, BLS AG,Bern-Lötschberg-Simplon-Bahn,994,"4",Bahn - Überland/Regionalverkehr,19,"14-21 Haltestellen"
196,TSD, Theytaz Excursions SA,Theytaz,982,"1",Bus - Überland/Berg,2,"14-21 Haltestellen"
197,AVA, Aargau Verkehr AG,Bus Aargau,974,"1",Bus - Überland/Berg,4,"22-39 Haltestellen"
198,AAGS, Auto AG Schwyz,Bus Schwyz,961,"1",Bus - Überland/Berg,9,"3-6 Haltestellen"
199,REGO, Regiobus (St. Gallen),Regiobus St. Gallen,934,"1",Bus - Überland/Berg,4,"3-6 Haltestellen"
200,FART, Società per le Ferrovie Autolinee Regionali Ticine,Bus Tessin,908,"1",Bus - Überland/Berg,2,"1-2 Haltestellen"
201,BuS, Bus und Service AG,BuS AG,896,"1",Bus - Überland/Berg,4,"3-6 Haltestellen"
202,BOGG, Busbetrieb Olten Gösgen Gäu AG,Bus Olten,890,"2",Bus - Agglomeration,4,"22-39 Haltestellen"
203,SBW, Stadt Winterthur,Bus Winterthur,889,"1",Bus - Überland/Berg,4,"7-13 Haltestellen"
204,AAGU, AUTO AG URI,Bus Uri,881,"1",Bus - Überland/Berg,8,"7-13 Haltestellen"
205,MBC, Transports de la région Morges-Bière-Cossonay SA,Bahn MBC,874,"3",Bahn - Überland/Berg,1,"22-39 Haltestellen"
206,RA, REGIONALPS SA ,Regionalps,868,"4",Bahn - Überland/Regionalverkehr,2,"1-2 Haltestellen"
207,FART, Società per le Ferrovie Autolinee Regionali Ticine,Bus Tessin,824,"1",Bus - Überland/Berg,5,"22-39 Haltestellen"
208,BLT, BLT Baselland Transport AG,Bus Baselland,809,"1",Bus - Überland/Berg,17,"1-2 Haltestellen"
209,BLAG, Busland AG,Busland,791,"1",Bus - Überland/Berg,6,"3-6 Haltestellen"
210,VBSG, Stadt St. Gallen,Bus St.Gallen,791,"2",Bus - Agglomeration,8,"3-6 Haltestellen"
211,asm, Aare Seeland mobil AG,Bus Aare Seeland,774,"1",Bus - Überland/Berg,5,"22-39 Haltestellen"
212,FART, Società per le Ferrovie Autolinee Regionali Ticine,Bus Tessin,765,"1",Bus - Überland/Berg,4,"14-21 Haltestellen"
213,BBA, Busbetrieb Aarau AG (BBA),Bus Aarau,763,"2",Bus - Agglomeration,2,"22-39 Haltestellen"
214,SOB, Schweizerische Südostbahn AG,Südostbahn,757,"4",Bahn - Überland/Regionalverkehr,6,"7-13 Haltestellen"
215,BVB, Basler Verkehrs-Betriebe,Basler Verkehrs,749,"2",Bus - Agglomeration,2,"14-21 Haltestellen"
216,BVB, Basler Verkehrs-Betriebe,Basler Verkehrs,734,"2",Bus - Agglomeration,3,"1-2 Haltestellen"
217,WAB, Wengernalpbahn AG,Wengernalpbahn,734,"3",Bahn - Überland/Berg,1,"3-6 Haltestellen"
218,SNL, SOCIETA' NAVIGAZIONE DEL LAGO DI LUGANO SA,Bus Lugano,722,"4",Bus - Überland/Berg,1,"3-6 Haltestellen"
219,AAGL, Autobus AG Liestal Öffentlicher Verkehr,Bus Liestal,720,"1",Bus - Überland/Berg,4,"14-21 Haltestellen"
220,SBW, Stadt Winterthur,Bus Winterthur,720,"1",Bus - Überland/Berg,1,"22-39 Haltestellen"
221,AAGL, Autobus AG Liestal Öffentlicher Verkehr,Bus Liestal,719,"1",Bus - Überland/Berg,5,"22-39 Haltestellen"
222,TRN, Transports Publics Neuchâtelois SA,Bus Neuchatel,684,"1",Bus - Überland/Berg,5,"14-21 Haltestellen"
223,ASGS," René Ballestraz et fils, transports SA",Bus René Ballestraz,682,"1",Bus - Überland/Berg,1,"14-21 Haltestellen"
224,SBW, Stadt Winterthur,Bus Winterthur,678,"1",Bus - Überland/Berg,4,"1-2 Haltestellen"
225,AS, Autobetrieb Sernftal AG,Bus Sernftal,669,"1",Bus - Überland/Berg,1,"3-6 Haltestellen"
226,LEB, Compagnie du chemin de fer Lausanne-Echallens-Berc,Bahn Lausanne,663,"3",Bahn - Überland/Berg,1,"7-13 Haltestellen"
227,AAGS, Auto AG Schwyz,Bus Schwyz,644,"1",Bus - Überland/Berg,5,"1-2 Haltestellen"
228,NStCM, Compagnie du chemin de fer Nyon-St-Cergue-Morez SA,Bahn Waadt,641,"3",Bahn - Überland/Berg,1,"3-6 Haltestellen"
229,VZO, Verkehrsbetriebe Zürichsee und Oberland (VZO) AG,Bus Zürichsee,641,"2",Bus - Agglomeration,21,"1-2 Haltestellen"
230,LLB, Société anonyme des transports publics de Loèche-l,Bus Leuk,639,"1",Bus - Überland/Berg,2,"3-6 Haltestellen"
231,STI, STI Bus AG,Verkehrsbetriebe Steffisburg-Thun-Interlaken,633,"1",Bus - Überland/Berg,5,"40+ Haltestellen"
232,RBL, Regionalbus Lenzburg AG,Bus Lenzburg,583,"1",Bus - Überland/Berg,2,"22-39 Haltestellen"
233,AOT, Autokurse Oberthurgau AG (AOT),Bus Oberthurgau,567,"1",Bus - Überland/Berg,1,"22-39 Haltestellen"
234,ARAG, Rottal Auto AG,Bus Rottal,549,"1",Bus - Überland/Berg,8,"3-6 Haltestellen"
235,AOT, Autokurse Oberthurgau AG (AOT),Bus Oberthurgau,535,"1",Bus - Überland/Berg,3,"7-13 Haltestellen"
236,AAGU, AUTO AG URI,Bus Uri,528,"1",Bus - Überland/Berg,1,"40+ Haltestellen"
237,BRER, O. Schneider AG,Bus Schneider,521,"1",Bus - Überland/Berg,2,"22-39 Haltestellen"
238,BBA, Busbetrieb Aarau AG (BBA),Bus Aarau,515,"2",Bus - Agglomeration,3,"14-21 Haltestellen"
239,BOGG, Busbetrieb Olten Gösgen Gäu AG,Bus Olten,506,"2",Bus - Agglomeration,5,"3-6 Haltestellen"
240,LEB, Compagnie du chemin de fer Lausanne-Echallens-Berc,Bahn Lausanne,506,"3",Bahn - Überland/Berg,1,"3-6 Haltestellen"
241,BVB, Basler Verkehrs-Betriebe,Basler Verkehrs,491,"2",Bus - Agglomeration,3,"3-6 Haltestellen"
242,BOB, Berner Oberland-Bahnen AG,Berner Oberbland,485,"3",Bahn - Überland/Berg,1,"7-13 Haltestellen"
243,BuS, Bus und Service AG,BuS AG,485,"1",Bus - Überland/Berg,4,"1-2 Haltestellen"
244,GWB, Grindelwald Bus AG,Grindelwald Bus,479,"1",Bus - Überland/Berg,3,"22-39 Haltestellen"
245,SBG, SBG SüdbadenBus GmbH,Bus Südbaden,472,"1",Bus - Überland/Berg,1,"14-21 Haltestellen"
246,AAGL, Autobus AG Liestal Öffentlicher Verkehr,Bus Liestal,467,"1",Bus - Überland/Berg,6,"7-13 Haltestellen"
247,SBW, Stadt Winterthur,Bus Winterthur,461,"1",Bus - Überland/Berg,4,"3-6 Haltestellen"
248,BOB, Berner Oberland-Bahnen AG,Berner Oberbland,451,"3",Bahn - Überland/Berg,2,"3-6 Haltestellen"
249,VB, Verkehrsbetriebe Biel,Bus Biel,451,"1",Bus - Überland/Berg,7,"3-6 Haltestellen"
250,VB, Verkehrsbetriebe Biel,Bus Biel,443,"1",Bus - Überland/Berg,3,"1-2 Haltestellen"
251,SOB, Schweizerische Südostbahn AG,Südostbahn,436,"4",Bahn - Überland/Regionalverkehr,3,"14-21 Haltestellen"
252,FART, Società per le Ferrovie Autolinee Regionali Ticine,Bus Tessin,427,"1",Bus - Überland/Berg,1,"3-6 Haltestellen"
253,AVA, Aargau Verkehr AG,Bus Aargau,420,"1",Bus - Überland/Berg,7,"3-6 Haltestellen"
254,RBL, Regionalbus Lenzburg AG,Bus Lenzburg,415,"1",Bus - Überland/Berg,4,"7-13 Haltestellen"
255,zb, zb Zentralbahn AG,Zentralbahn,413,"3",Bahn - Überland/Berg,7,"7-13 Haltestellen"
256,ABl, Autolinee Bleniesi SA,Bus Bleniesi,412,"1",Bus - Überland/Berg,4,"7-13 Haltestellen"
257,BSU, Busbetrieb Solothurn und Umgebung AG,Bus Solothurn,412,"2",Bus - Agglomeration,1,"40+ Haltestellen"
258,RhB, Rhätische Bahn AG  (RhB),Rhätische Bahn,412,"4",Bahn - Überland/Regionalverkehr,11,"7-13 Haltestellen"
259,VBSG, Stadt St. Gallen,Bus St.Gallen,401,"2",Bus - Agglomeration,2,"1-2 Haltestellen"
260,GWB, Grindelwald Bus AG,Grindelwald Bus,399,"1",Bus - Überland/Berg,3,"7-13 Haltestellen"
261,GWB, Grindelwald Bus AG,Grindelwald Bus,397,"1",Bus - Überland/Berg,3,"3-6 Haltestellen"
262,SZU, Sihltal Zürich Uetliberg Bahn SZU AG,Bahn Sihltal,374,"1",Bus - Überland/Berg,8,"1-2 Haltestellen"
263,MBC, Transports de la région Morges-Bière-Cossonay SA,Bahn MBC,373,"3",Bahn - Überland/Berg,6,"1-2 Haltestellen"
264,SOB, Schweizerische Südostbahn AG,Südostbahn,357,"4",Bahn - Überland/Regionalverkehr,7,"3-6 Haltestellen"
265,AVJ, Société anonyme des auto-transports de la Vallée d,Bus AVJ,353,"1",Bus - Überland/Berg,1,"3-6 Haltestellen"
266,BWS, Busbetriebe Bamert GmbH,Bus Bamert,351,"1",Bus - Überland/Berg,1,"7-13 Haltestellen"
267,BGU, BGU Busbetrieb Grenchen und Umgebung AG,Bus Grenchen,339,"2",Bus - Agglomeration,1,"1-2 Haltestellen"
268,AOT, Autokurse Oberthurgau AG (AOT),Bus Oberthurgau,315,"1",Bus - Überland/Berg,2,"3-6 Haltestellen"
269,BGU, BGU Busbetrieb Grenchen und Umgebung AG,Bus Grenchen,315,"2",Bus - Agglomeration,2,"22-39 Haltestellen"
270,TRAVYS, TRAVYS - Transports Vallée-de-Joux - Yverdon-les-B,Bus Yverdon,311,"1",Bus - Überland/Berg,6,"1-2 Haltestellen"
271,MGB, Matterhorn Gotthard Verkehrs AG,Bahn Matterhorn,301,"3",Bahn - Überland/Berg,2,"3-6 Haltestellen"
272,BLAG, Busland AG,Busland,288,"1",Bus - Überland/Berg,8,"1-2 Haltestellen"
273,AFA, Automobilverkehr Frutigen-Adelboden AG,Bus Frutigen,283,"1",Bus - Überland/Berg,4,"7-13 Haltestellen"
274,SZU, Sihltal Zürich Uetliberg Bahn SZU AG,Bahn Sihltal,273,"1",Bus - Überland/Berg,1,"22-39 Haltestellen"
275,AWA, Ortsgemeinde Amden,Bus Amden,266,"1",Bus - Überland/Berg,1,"14-21 Haltestellen"
276,ABl, Autolinee Bleniesi SA,Bus Bleniesi,258,"1",Bus - Überland/Berg,1,"22-39 Haltestellen"
277,TPC, Transports Publics du Chablais SA,Bus Chablais ,250,"1",Bus - Überland/Berg,2,"3-6 Haltestellen"
278,RhB, Rhätische Bahn AG  (RhB),Rhätische Bahn,246,"4",Bahn - Überland/Regionalverkehr,8,"14-21 Haltestellen"
279,BRER, O. Schneider AG,Bus Schneider,230,"1",Bus - Überland/Berg,3,"7-13 Haltestellen"
280,MGB, Matterhorn Gotthard Verkehrs AG,Bahn Matterhorn,229,"3",Bahn - Überland/Berg,2,"7-13 Haltestellen"
281,TPC, Transports Publics du Chablais SA,Bus Chablais ,228,"1",Bus - Überland/Berg,2,"1-2 Haltestellen"
282,ARL, Società Autolinee Regionali Luganesi,Bus Luganesi,227,"1",Bus - Überland/Berg,2,"3-6 Haltestellen"
283,SNL, SOCIETA' NAVIGAZIONE DEL LAGO DI LUGANO SA,Bus Lugano,224,"4",Bus - Überland/Berg,2,"7-13 Haltestellen"
284,BCS, Commune de Sion,Bus Sion,223,"1",Bus - Überland/Berg,4,"3-6 Haltestellen"
285,THURBO, Thurbo AG,Thurbo,215,"4",Bahn - Überland/Regionalverkehr,11,"1-2 Haltestellen"
286,AFA, Automobilverkehr Frutigen-Adelboden AG,Bus Frutigen,212,"1",Bus - Überland/Berg,2,"14-21 Haltestellen"
287,GWB, Grindelwald Bus AG,Grindelwald Bus,205,"1",Bus - Überland/Berg,3,"1-2 Haltestellen"
288,AAGR, Auto AG Rothenburg,Bus Rothenburg,204,"2",Bus - Agglomeration,4,"3-6 Haltestellen"
289,asm, Aare Seeland mobil AG,Bus Aare Seeland,203,"1",Bus - Überland/Berg,7,"1-2 Haltestellen"
290,PAG, PostAuto Schweiz AG,PostAuto,200,"1",Bus - Überland/Berg,7,"0 Haltestellen"
291,AVA, Aargau Verkehr AG,Bus Aargau,196,"1",Bus - Überland/Berg,7,"1-2 Haltestellen"
292,SOB, Schweizerische Südostbahn AG,Südostbahn,196,"4",Bahn - Überland/Regionalverkehr,1,"22-39 Haltestellen"
293,BLWE, Genossenschaft Busbetrieb Lichtensteig-Wattwil-Ebn,Bus Wattwil,194,"1",Bus - Überland/Berg,1,"14-21 Haltestellen"
294,TPC, Transports Publics du Chablais SA,Bus Chablais ,193,"1",Bus - Überland/Berg,1,"40+ Haltestellen"
295,TMR, TMR Transports de Martigny et Régions SA,Bus Wallis,190,"1",Bus - Überland/Berg,1,"22-39 Haltestellen"
296,TPN, TPN Transports publics de la Région Nyonnaise SA,Bus Nyon,188,"1",Bus - Überland/Berg,3,"1-2 Haltestellen"
297,AAGR, Auto AG Rothenburg,Bus Rothenburg,187,"2",Bus - Agglomeration,4,"1-2 Haltestellen"
298,BOGG, Busbetrieb Olten Gösgen Gäu AG,Bus Olten,187,"2",Bus - Agglomeration,2,"40+ Haltestellen"
299,MGB, Matterhorn Gotthard Verkehrs AG,Bahn Matterhorn,182,"3",Bahn - Überland/Berg,1,"22-39 Haltestellen"
300,ARL, Società Autolinee Regionali Luganesi,Bus Luganesi,172,"1",Bus - Überland/Berg,2,"22-39 Haltestellen"
301,WAB, Wengernalpbahn AG,Wengernalpbahn,172,"3",Bahn - Überland/Berg,1,"1-2 Haltestellen"
302,AAGU, AUTO AG URI,Bus Uri,170,"1",Bus - Überland/Berg,9,"3-6 Haltestellen"
303,ARL, Società Autolinee Regionali Luganesi,Bus Luganesi,165,"1",Bus - Überland/Berg,3,"7-13 Haltestellen"
304,ASGS," René Ballestraz et fils, transports SA",Bus René Ballestraz,157,"1",Bus - Überland/Berg,1,"7-13 Haltestellen"
305,TPF, Transports publics fribourgeois SA,Bus Fribourg,152,"1",Bus - Überland/Berg,3,"40+ Haltestellen"
306,AFA, Automobilverkehr Frutigen-Adelboden AG,Bus Frutigen,147,"1",Bus - Überland/Berg,1,"22-39 Haltestellen"
307,BLS, BLS AG,Bern-Lötschberg-Simplon-Bahn,144,"4",Bahn - Überland/Regionalverkehr,23,"1-2 Haltestellen"
308,BLWE, Genossenschaft Busbetrieb Lichtensteig-Wattwil-Ebn,Bus Wattwil,143,"1",Bus - Überland/Berg,1,"7-13 Haltestellen"
309,AMSA, Autolinea Mendrisiense SA,Bus Mendrisiense,137,"1",Bus - Überland/Berg,2,"3-6 Haltestellen"
310,BBA, Busbetrieb Aarau AG (BBA),Bus Aarau,131,"2",Bus - Agglomeration,2,"3-6 Haltestellen"
311,SZU, Sihltal Zürich Uetliberg Bahn SZU AG,Bahn Sihltal,130,"1",Bus - Überland/Berg,1,"40+ Haltestellen"
312,BCS, Commune de Sion,Bus Sion,127,"1",Bus - Überland/Berg,4,"7-13 Haltestellen"
313,VBSH, Stadt Schaffhausen,Bus Schaffhausen,126,"1",Bus - Überland/Berg,3,"1-2 Haltestellen"
314,BCS, Commune de Sion,Bus Sion,113,"1",Bus - Überland/Berg,2,"22-39 Haltestellen"
315,RhB, Rhätische Bahn AG  (RhB),Rhätische Bahn,103,"4",Bahn - Überland/Regionalverkehr,11,"3-6 Haltestellen"
316,AAGL, Autobus AG Liestal Öffentlicher Verkehr,Bus Liestal,102,"1",Bus - Überland/Berg,2,"3-6 Haltestellen"
317,SVB, Städtische Verkehrsbetriebe Bern (SVB),Bernmobil,101,"2",Bus - Agglomeration,8,"0 Haltestellen"
318,BGU, BGU Busbetrieb Grenchen und Umgebung AG,Bus Grenchen,97,"2",Bus - Agglomeration,5,"3-6 Haltestellen"
319,BCS, Commune de Sion,Bus Sion,95,"1",Bus - Überland/Berg,4,"1-2 Haltestellen"
320,RBL, Regionalbus Lenzburg AG,Bus Lenzburg,85,"1",Bus - Überland/Berg,3,"3-6 Haltestellen"
321,ARAG, Rottal Auto AG,Bus Rottal,79,"1",Bus - Überland/Berg,8,"1-2 Haltestellen"
322,ARL, Società Autolinee Regionali Luganesi,Bus Luganesi,73,"1",Bus - Überland/Berg,4,"14-21 Haltestellen"
323,VBL, Verkehrsbetriebe Luzern AG,Bus Luzern,71,"2",Bus - Agglomeration,2,"1-2 Haltestellen"
324,SMC, Compagnie de Chemin de Fer et d'Autobus Sierre-Mon,Bahn Montana,70,"3",Bahn - Überland/Berg,2,"14-21 Haltestellen"
325,BLAG, Busland AG,Busland,68,"1",Bus - Überland/Berg,3,"40+ Haltestellen"
326,ABl, Autolinee Bleniesi SA,Bus Bleniesi,64,"1",Bus - Überland/Berg,2,"3-6 Haltestellen"
327,RBS, Regionalverkehr Bern-Solothurn AG,Regionalverkehr Bern-Solothurn,63,"2",Bus - Agglomeration,2,"0 Haltestellen"
328,BLS, BLS AG,Bern-Lötschberg-Simplon-Bahn,59,"4",Bahn - Überland/Regionalverkehr,6,"22-39 Haltestellen"
329,STI, STI Bus AG,Verkehrsbetriebe Steffisburg-Thun-Interlaken,57,"1",Bus - Überland/Berg,6,"0 Haltestellen"
330,AS, Autobetrieb Sernftal AG,Bus Sernftal,56,"1",Bus - Überland/Berg,1,"1-2 Haltestellen"
331,TMR, TMR Transports de Martigny et Régions SA,Bus Wallis,56,"1",Bus - Überland/Berg,2,"1-2 Haltestellen"
332,BCS, Commune de Sion,Bus Sion,53,"1",Bus - Überland/Berg,1,"14-21 Haltestellen"
333,BRER, O. Schneider AG,Bus Schneider,53,"1",Bus - Überland/Berg,1,"14-21 Haltestellen"
334,AAGU, AUTO AG URI,Bus Uri,50,"1",Bus - Überland/Berg,8,"1-2 Haltestellen"
335,THURBO, Thurbo AG,Thurbo,48,"4",Bahn - Überland/Regionalverkehr,2,"40+ Haltestellen"
336,REGO, Regiobus (St. Gallen),Regiobus St. Gallen,47,"1",Bus - Überland/Berg,4,"1-2 Haltestellen"
337,THURBO, Thurbo AG,Thurbo,38,"4",Bahn - Überland/Regionalverkehr,5,"22-39 Haltestellen"
338,AAGS, Auto AG Schwyz,Bus Schwyz,36,"1",Bus - Überland/Berg,2,"0 Haltestellen"
339,AFA, Automobilverkehr Frutigen-Adelboden AG,Bus Frutigen,34,"1",Bus - Überland/Berg,2,"40+ Haltestellen"
340,asm, Aare Seeland mobil AG,Bus Aare Seeland,30,"1",Bus - Überland/Berg,1,"0 Haltestellen"
341,AAGL, Autobus AG Liestal Öffentlicher Verkehr,Bus Liestal,29,"1",Bus - Überland/Berg,2,"1-2 Haltestellen"
342,BBA, Busbetrieb Aarau AG (BBA),Bus Aarau,25,"2",Bus - Agglomeration,1,"7-13 Haltestellen"
343,MGB, Matterhorn Gotthard Verkehrs AG,Bahn Matterhorn,25,"3",Bahn - Überland/Berg,1,"14-21 Haltestellen"
344,BLT, BLT Baselland Transport AG,Bus Baselland,24,"1",Bus - Überland/Berg,2,"40+ Haltestellen"
345,BRER, O. Schneider AG,Bus Schneider,23,"1",Bus - Überland/Berg,1,"3-6 Haltestellen"
346,SMC, Compagnie de Chemin de Fer et d'Autobus Sierre-Mon,Bahn Montana,23,"3",Bahn - Überland/Berg,1,"7-13 Haltestellen"
347,ABl, Autolinee Bleniesi SA,Bus Bleniesi,22,"1",Bus - Überland/Berg,2,"1-2 Haltestellen"
348,RVBW, Regionale Verkehrsbetriebe Baden-Wettingen (RVBW) ,Bus Baden,19,"2",Bus - Agglomeration,2,"7-13 Haltestellen"
349,BOB, Berner Oberland-Bahnen AG,Berner Oberbland,16,"3",Bahn - Überland/Berg,2,"1-2 Haltestellen"
350,RhB, Rhätische Bahn AG  (RhB),Rhätische Bahn,13,"4",Bahn - Überland/Regionalverkehr,1,"22-39 Haltestellen"
351,BLAG, Busland AG,Busland,12,"1",Bus - Überland/Berg,1,"0 Haltestellen"
352,BVB, Basler Verkehrs-Betriebe,Basler Verkehrs,12,"2",Bus - Agglomeration,1,"40+ Haltestellen"
353,RhB, Rhätische Bahn AG  (RhB),Rhätische Bahn,11,"4",Bahn - Überland/Regionalverkehr,6,"1-2 Haltestellen"
354,BWS, Busbetriebe Bamert GmbH,Bus Bamert,10,"1",Bus - Überland/Berg,1,"14-21 Haltestellen"
355,FART, Società per le Ferrovie Autolinee Regionali Ticine,Bus Tessin,10,"1",Bus - Überland/Berg,4,"7-13 Haltestellen"
356,RVBW, Regionale Verkehrsbetriebe Baden-Wettingen (RVBW) ,Bus Baden,10,"2",Bus - Agglomeration,2,"22-39 Haltestellen"
357,SOB, Schweizerische Südostbahn AG,Südostbahn,10,"4",Bahn - Überland/Regionalverkehr,6,"1-2 Haltestellen"
358,AB, Appenzeller Bahnen AG,Appenzeller Bahnen,9,"3",Bahn - Überland/Berg,3,"1-2 Haltestellen"
359,SNL, SOCIETA' NAVIGAZIONE DEL LAGO DI LUGANO SA,Bus Lugano,8,"4",Bus - Überland/Berg,1,"14-21 Haltestellen"
360,VMCV, VMCV SA,Bus Montreux,8,"1",Bus - Überland/Berg,2,"1-2 Haltestellen"
361,AB, Appenzeller Bahnen AG,Appenzeller Bahnen,7,"3",Bahn - Überland/Berg,2,"22-39 Haltestellen"
362,AWA, Ortsgemeinde Amden,Bus Amden,7,"1",Bus - Überland/Berg,1,"7-13 Haltestellen"
363,RBL, Regionalbus Lenzburg AG,Bus Lenzburg,7,"1",Bus - Überland/Berg,3,"1-2 Haltestellen"
364,TSD, Theytaz Excursions SA,Theytaz,7,"1",Bus - Überland/Berg,1,"3-6 Haltestellen"
365,zb, zb Zentralbahn AG,Zentralbahn,7,"3",Bahn - Überland/Berg,1,"14-21 Haltestellen"
366,BLT, BLT Baselland Transport AG,Bus Baselland,6,"1",Bus - Überland/Berg,2,"0 Haltestellen"
367,LLB, Société anonyme des transports publics de Loèche-l,Bus Leuk,6,"1",Bus - Überland/Berg,1,"1-2 Haltestellen"
368,AWA, Ortsgemeinde Amden,Bus Amden,5,"1",Bus - Überland/Berg,1,"3-6 Haltestellen"
369,BLWE, Genossenschaft Busbetrieb Lichtensteig-Wattwil-Ebn,Bus Wattwil,5,"1",Bus - Überland/Berg,1,"22-39 Haltestellen"
370,VMCV, VMCV SA,Bus Montreux,5,"1",Bus - Überland/Berg,3,"3-6 Haltestellen"
371,SBB, Schweizerische Bundesbahnen SBB,Schweizerische Bundesbahnen,4,"4",Bahn - Überland/Regionalverkehr,3,"0 Haltestellen"
372,TSD, Theytaz Excursions SA,Theytaz,4,"1",Bus - Überland/Berg,1,"1-2 Haltestellen"
373,AVJ, Société anonyme des auto-transports de la Vallée d,Bus AVJ,3,"1",Bus - Überland/Berg,1,"1-2 Haltestellen"
374,AFA, Automobilverkehr Frutigen-Adelboden AG,Bus Frutigen,2,"1",Bus - Überland/Berg,1,"3-6 Haltestellen"
375,BSU, Busbetrieb Solothurn und Umgebung AG,Bus Solothurn,2,"2",Bus - Agglomeration,1,"0 Haltestellen"
376,TSD, Theytaz Excursions SA,Theytaz,2,"1",Bus - Überland/Berg,1,"7-13 Haltestellen"
377,zb, zb Zentralbahn AG,Zentralbahn,2,"3",Bahn - Überland/Berg,2,"1-2 Haltestellen"
378,RVBW, Regionale Verkehrsbetriebe Baden-Wettingen (RVBW) ,Bus Baden,1,"2",Bus - Agglomeration,1,"3-6 Haltestellen"
