"id","tu","name","kurzer_name","anzahl_ausfaelle","id_vmkat","vmkat","anzahl_linien","ausfall_grund"
1,PAG, PostAuto Schweiz AG,PostAuto,675460,"1",Bus - Überland/Berg,570,Keine Daten
2,TL, Transports Publics de la Région Lausannoise sa,Bus Lausanne,255558,"2",Bus - Agglomeration,15,Keine Daten
3,VMCV, VMCV SA,Bus Montreux,62465,"1",Bus - Überland/Berg,3,Keine Daten
4,BOS, BUS Ostschweiz AG,BUS Ostschweiz,52942,"1",Bus - Überland/Berg,40,Keine Daten
5,SBB, Schweizerische Bundesbahnen SBB,Schweizerische Bundesbahnen,46275,"4",Bahn - Überland/Regionalverkehr,98,Ausfall ganze Fahrt
6,TMR, TMR Transports de Martigny et Régions SA,Bus Wallis,43901,"1",Bus - Überland/Berg,9,Keine Daten
7,PAG, PostAuto Schweiz AG,PostAuto,34604,"1",Bus - Überland/Berg,453,Status Unbekannt Teilstrecke
8,RBS, Regionalverkehr Bern-Solothurn AG,Regionalverkehr Bern-Solothurn,29454,"2",Bus - Agglomeration,24,Keine Daten
9,BOGG, Busbetrieb Olten Gösgen Gäu AG,Bus Olten,29014,"2",Bus - Agglomeration,12,Keine Daten
10,VBD, Landschaft Davos,Bus Davos,25275,"1",Bus - Überland/Berg,3,Keine Daten
11,BLAG, Busland AG,Busland,23361,"1",Bus - Überland/Berg,20,Keine Daten
12,PAG, PostAuto Schweiz AG,PostAuto,21837,"1",Bus - Überland/Berg,402,Ausfall ganze Fahrt
13,VBZ, Stadt Zürich,Bus Zürich,21297,"1",Bus - Überland/Berg,18,Ausfall ganze Fahrt
14,TRN, Transports Publics Neuchâtelois SA,Bus Neuchatel,20915,"1",Bus - Überland/Berg,10,Status Unbekannt Teilstrecke
15,AB, Appenzeller Bahnen AG,Appenzeller Bahnen,20125,"3",Bahn - Überland/Berg,7,Status Unbekannt
16,VB, Verkehrsbetriebe Biel,Bus Biel,19892,"1",Bus - Überland/Berg,11,Keine Daten
17,SBB, Schweizerische Bundesbahnen SBB,Schweizerische Bundesbahnen,18977,"4",Bahn - Überland/Regionalverkehr,86,Status Unbekannt Teilstrecke
18,SVB, Städtische Verkehrsbetriebe Bern (SVB),Bernmobil,18178,"2",Bus - Agglomeration,33,Keine Daten
19,MBC, Transports de la région Morges-Bière-Cossonay SA,Bahn MBC,18050,"3",Bahn - Überland/Berg,9,Status Unbekannt
20,TPG, Transports publics genevois (TPG),Bus Genf,18039,"2",Bus - Agglomeration,18,Keine Daten
21,TPG, Transports publics genevois (TPG),Bus Genf,17259,"2",Bus - Agglomeration,18,Ausfall ganze Fahrt
22,ABG, Alsa Bustours Gex S.A.S,Bustour Genf,16987,"1",Bus - Überland/Berg,2,Keine Daten
23,SVB, Städtische Verkehrsbetriebe Bern (SVB),Bernmobil,14888,"2",Bus - Agglomeration,33,Ausfall ganze Fahrt
24,TL, Transports Publics de la Région Lausannoise sa,Bus Lausanne,13608,"2",Bus - Agglomeration,14,Ausfall ganze Fahrt
25,TPF, Transports publics fribourgeois SA,Bus Fribourg,13033,"1",Bus - Überland/Berg,58,Keine Daten
26,VZO, Verkehrsbetriebe Zürichsee und Oberland (VZO) AG,Bus Zürichsee,12846,"2",Bus - Agglomeration,22,Ausfall ganze Fahrt
27,VBSH, Stadt Schaffhausen,Bus Schaffhausen,12581,"1",Bus - Überland/Berg,4,Keine Daten Teilstrecke
28,SZU, Sihltal Zürich Uetliberg Bahn SZU AG,Bahn Sihltal,12327,"1",Bus - Überland/Berg,8,Keine Daten
29,TPL, TRASPORTI PUBBLICI LUGANESI SA (TPL),Lugano Bus,11944,"1",Bus - Überland/Berg,9,Keine Daten
30,BOS, BUS Ostschweiz AG,BUS Ostschweiz,11832,"1",Bus - Überland/Berg,2,Keine Daten Teilstrecke
31,BSU, Busbetrieb Solothurn und Umgebung AG,Bus Solothurn,11737,"2",Bus - Agglomeration,13,Keine Daten
32,TRAVYS, TRAVYS - Transports Vallée-de-Joux - Yverdon-les-B,Bus Yverdon,11682,"1",Bus - Überland/Berg,9,Ausfall ganze Fahrt
33,ZVB, Zugerland Verkehrsbetriebe AG,Bus Zug,11487,"1",Bus - Überland/Berg,22,Keine Daten
34,AVJ, Société anonyme des auto-transports de la Vallée d,Bus AVJ,11103,"1",Bus - Überland/Berg,1,Keine Daten
35,VZO, Verkehrsbetriebe Zürichsee und Oberland (VZO) AG,Bus Zürichsee,10563,"2",Bus - Agglomeration,22,Keine Daten
36,AMSA, Autolinea Mendrisiense SA,Bus Mendrisiense,10507,"1",Bus - Überland/Berg,7,Keine Daten
37,AAGR, Auto AG Rothenburg,Bus Rothenburg,10382,"2",Bus - Agglomeration,4,Keine Daten
38,TPG, Transports publics genevois (TPG),Bus Genf,10077,"2",Bus - Agglomeration,16,Keine Daten Teilstrecke
39,VBSG, Stadt St. Gallen,Bus St.Gallen,10027,"2",Bus - Agglomeration,15,Keine Daten
40,SBB, Schweizerische Bundesbahnen SBB,Schweizerische Bundesbahnen,9970,"4",Bahn - Überland/Regionalverkehr,11,Keine Daten Teilstrecke
41,ARL, Società Autolinee Regionali Luganesi,Bus Luganesi,9894,"1",Bus - Überland/Berg,2,Keine Daten Teilstrecke
42,BLS, BLS AG,Bern-Lötschberg-Simplon-Bahn,9062,"4",Bahn - Überland/Regionalverkehr,31,Ausfall ganze Fahrt
43,MBC, Transports de la région Morges-Bière-Cossonay SA,Bahn MBC,8837,"3",Bahn - Überland/Berg,9,Ausfall ganze Fahrt
44,TL, Transports Publics de la Région Lausannoise sa,Bus Lausanne,8762,"2",Bus - Agglomeration,11,Status Unbekannt
45,AVA, Aargau Verkehr AG,Bus Aargau,8716,"1",Bus - Überland/Berg,12,Keine Daten
46,AAGS, Auto AG Schwyz,Bus Schwyz,8622,"1",Bus - Überland/Berg,11,Keine Daten
47,VBG, VBG Verkehrsbetriebe Glattal AG,Bus Glattal,8531,"1",Bus - Überland/Berg,21,Keine Daten
48,BLT, BLT Baselland Transport AG,Bus Baselland,8460,"1",Bus - Überland/Berg,17,Keine Daten
49,REGO, Regiobus (St. Gallen),Regiobus St. Gallen,8452,"1",Bus - Überland/Berg,8,Keine Daten
50,VBSH, Stadt Schaffhausen,Bus Schaffhausen,8319,"1",Bus - Überland/Berg,7,Keine Daten
51,TRN, Transports Publics Neuchâtelois SA,Bus Neuchatel,8155,"1",Bus - Überland/Berg,10,Keine Daten
52,TRAVYS, TRAVYS - Transports Vallée-de-Joux - Yverdon-les-B,Bus Yverdon,8078,"1",Bus - Überland/Berg,9,Status Unbekannt
53,TPN, TPN Transports publics de la Région Nyonnaise SA,Bus Nyon,7793,"1",Bus - Überland/Berg,4,Ausfall ganze Fahrt
54,VBZ, Stadt Zürich,Bus Zürich,7706,"1",Bus - Überland/Berg,18,Keine Daten
55,SVB, Städtische Verkehrsbetriebe Bern (SVB),Bernmobil,7432,"2",Bus - Agglomeration,33,Status Unbekannt Teilstrecke
56,BLT, BLT Baselland Transport AG,Bus Baselland,7199,"1",Bus - Überland/Berg,16,Ausfall ganze Fahrt
57,TPG, Transports publics genevois (TPG),Bus Genf,7041,"2",Bus - Agglomeration,18,Status Unbekannt
58,STI, STI Bus AG,Verkehrsbetriebe Steffisburg-Thun-Interlaken,6824,"1",Bus - Überland/Berg,24,Keine Daten
59,FLP, Ferrovie Luganesi SA,Bahn Lugano,6689,"4",Bahn - Überland/Regionalverkehr,1,Status Unbekannt
60,SBB, Schweizerische Bundesbahnen SBB,Schweizerische Bundesbahnen,6595,"4",Bahn - Überland/Regionalverkehr,93,Keine Daten
61,TL, Transports Publics de la Région Lausannoise sa,Bus Lausanne,6572,"2",Bus - Agglomeration,11,Keine Daten Teilstrecke
62,VBG, VBG Verkehrsbetriebe Glattal AG,Bus Glattal,6515,"1",Bus - Überland/Berg,21,Ausfall ganze Fahrt
63,STI, STI Bus AG,Verkehrsbetriebe Steffisburg-Thun-Interlaken,6322,"1",Bus - Überland/Berg,24,Ausfall ganze Fahrt
64,NStCM, Compagnie du chemin de fer Nyon-St-Cergue-Morez SA,Bahn Waadt,6007,"3",Bahn - Überland/Berg,1,Status Unbekannt
65,VBL, Verkehrsbetriebe Luzern AG,Bus Luzern,5760,"2",Bus - Agglomeration,2,Keine Daten
66,TPC, Transports Publics du Chablais SA,Bus Chablais ,5676,"1",Bus - Überland/Berg,10,Keine Daten
67,BGU, BGU Busbetrieb Grenchen und Umgebung AG,Bus Grenchen,5602,"2",Bus - Agglomeration,12,Keine Daten
68,LEB, Compagnie du chemin de fer Lausanne-Echallens-Berc,Bahn Lausanne,5231,"3",Bahn - Überland/Berg,1,Status Unbekannt
69,BuS, Bus und Service AG,BuS AG,5080,"1",Bus - Überland/Berg,4,Keine Daten
70,VBG, VBG Verkehrsbetriebe Glattal AG,Bus Glattal,4828,"1",Bus - Überland/Berg,21,Status Unbekannt Teilstrecke
71,PAG, PostAuto Schweiz AG,PostAuto,4610,"1",Bus - Überland/Berg,357,Status Unbekannt
72,BuS, Bus und Service AG,BuS AG,4448,"1",Bus - Überland/Berg,4,Ausfall ganze Fahrt
73,RA, REGIONALPS SA ,Regionalps,4382,"4",Bahn - Überland/Regionalverkehr,4,Keine Daten
74,TRAVYS, TRAVYS - Transports Vallée-de-Joux - Yverdon-les-B,Bus Yverdon,4349,"1",Bus - Überland/Berg,8,Keine Daten
75,RBS, Regionalverkehr Bern-Solothurn AG,Regionalverkehr Bern-Solothurn,4246,"2",Bus - Agglomeration,4,Status Unbekannt
76,TPL, TRASPORTI PUBBLICI LUGANESI SA (TPL),Lugano Bus,4245,"1",Bus - Überland/Berg,2,Keine Daten Teilstrecke
77,ZVB, Zugerland Verkehrsbetriebe AG,Bus Zug,4172,"1",Bus - Überland/Berg,21,Ausfall ganze Fahrt
78,VZO, Verkehrsbetriebe Zürichsee und Oberland (VZO) AG,Bus Zürichsee,4135,"2",Bus - Agglomeration,22,Status Unbekannt Teilstrecke
79,VBZ, Stadt Zürich,Bus Zürich,4134,"1",Bus - Überland/Berg,18,Status Unbekannt Teilstrecke
80,THURBO, Thurbo AG,Thurbo,4111,"4",Bahn - Überland/Regionalverkehr,23,Ausfall ganze Fahrt
81,SBG, SBG SüdbadenBus GmbH,Bus Südbaden,3900,"1",Bus - Überland/Berg,1,Keine Daten Teilstrecke
82,ARAG, Rottal Auto AG,Bus Rottal,3853,"1",Bus - Überland/Berg,8,Keine Daten
83,RA, REGIONALPS SA ,Regionalps,3814,"4",Bahn - Überland/Regionalverkehr,4,Status Unbekannt
84,VBSG, Stadt St. Gallen,Bus St.Gallen,3786,"2",Bus - Agglomeration,15,Ausfall ganze Fahrt
85,BVB, Basler Verkehrs-Betriebe,Basler Verkehrs,3769,"2",Bus - Agglomeration,3,Ausfall ganze Fahrt
86,TPC, Transports Publics du Chablais SA,Bus Chablais ,3663,"1",Bus - Überland/Berg,9,Status Unbekannt
87,NStCM, Compagnie du chemin de fer Nyon-St-Cergue-Morez SA,Bahn Waadt,3532,"3",Bahn - Überland/Berg,1,Ausfall ganze Fahrt
88,SZU, Sihltal Zürich Uetliberg Bahn SZU AG,Bahn Sihltal,3527,"1",Bus - Überland/Berg,8,Ausfall ganze Fahrt
89,ASGS," René Ballestraz et fils, transports SA",Bus René Ballestraz,3501,"1",Bus - Überland/Berg,1,Status Unbekannt
90,TRN, Transports Publics Neuchâtelois SA,Bus Neuchatel,3464,"1",Bus - Überland/Berg,9,Status Unbekannt
91,asm, Aare Seeland mobil AG,Bus Aare Seeland,3348,"1",Bus - Überland/Berg,15,Keine Daten
92,AOT, Autokurse Oberthurgau AG (AOT),Bus Oberthurgau,3249,"1",Bus - Überland/Berg,5,Keine Daten
93,AS, Autobetrieb Sernftal AG,Bus Sernftal,3248,"1",Bus - Überland/Berg,3,Keine Daten
94,BLT, BLT Baselland Transport AG,Bus Baselland,3194,"1",Bus - Überland/Berg,17,Status Unbekannt Teilstrecke
95,PAG, PostAuto Schweiz AG,PostAuto,3155,"1",Bus - Überland/Berg,67,Keine Daten Teilstrecke
96,RBS, Regionalverkehr Bern-Solothurn AG,Regionalverkehr Bern-Solothurn,3155,"2",Bus - Agglomeration,24,Ausfall ganze Fahrt
97,MGB, Matterhorn Gotthard Verkehrs AG,Bahn Matterhorn,3029,"3",Bahn - Überland/Berg,2,Status Unbekannt
98,SMC, Compagnie de Chemin de Fer et d'Autobus Sierre-Mon,Bahn Montana,2966,"3",Bahn - Überland/Berg,2,Keine Daten
99,TPF, Transports publics fribourgeois SA,Bus Fribourg,2948,"1",Bus - Überland/Berg,6,Status Unbekannt Teilstrecke
100,AAGU, AUTO AG URI,Bus Uri,2943,"1",Bus - Überland/Berg,9,Keine Daten
101,TPN, TPN Transports publics de la Région Nyonnaise SA,Bus Nyon,2787,"1",Bus - Überland/Berg,4,Status Unbekannt
102,STI, STI Bus AG,Verkehrsbetriebe Steffisburg-Thun-Interlaken,2640,"1",Bus - Überland/Berg,24,Status Unbekannt Teilstrecke
103,BVB, Basler Verkehrs-Betriebe,Basler Verkehrs,2299,"2",Bus - Agglomeration,3,Keine Daten
104,TPN, TPN Transports publics de la Région Nyonnaise SA,Bus Nyon,2060,"1",Bus - Überland/Berg,4,Keine Daten
105,MBC, Transports de la région Morges-Bière-Cossonay SA,Bahn MBC,2052,"3",Bahn - Überland/Berg,9,Keine Daten
106,ZVB, Zugerland Verkehrsbetriebe AG,Bus Zug,2037,"1",Bus - Überland/Berg,21,Status Unbekannt Teilstrecke
107,RBS, Regionalverkehr Bern-Solothurn AG,Regionalverkehr Bern-Solothurn,2010,"2",Bus - Agglomeration,13,Status Unbekannt Teilstrecke
108,TMR, TMR Transports de Martigny et Régions SA,Bus Wallis,1975,"1",Bus - Überland/Berg,4,Status Unbekannt
109,AAGL, Autobus AG Liestal Öffentlicher Verkehr,Bus Liestal,1954,"1",Bus - Überland/Berg,6,Keine Daten
110,VBL, Verkehrsbetriebe Luzern AG,Bus Luzern,1935,"2",Bus - Agglomeration,2,Ausfall ganze Fahrt
111,BSU, Busbetrieb Solothurn und Umgebung AG,Bus Solothurn,1863,"2",Bus - Agglomeration,13,Ausfall ganze Fahrt
112,BLS, BLS AG,Bern-Lötschberg-Simplon-Bahn,1855,"4",Bahn - Überland/Regionalverkehr,31,Keine Daten
113,SBW, Stadt Winterthur,Bus Winterthur,1792,"1",Bus - Überland/Berg,4,Keine Daten
114,RBL, Regionalbus Lenzburg AG,Bus Lenzburg,1698,"1",Bus - Überland/Berg,7,Keine Daten
115,REGO, Regiobus (St. Gallen),Regiobus St. Gallen,1648,"1",Bus - Überland/Berg,8,Ausfall ganze Fahrt
116,ZVB, Zugerland Verkehrsbetriebe AG,Bus Zug,1597,"1",Bus - Überland/Berg,15,Keine Daten Teilstrecke
117,GWB, Grindelwald Bus AG,Grindelwald Bus,1574,"1",Bus - Überland/Berg,3,Keine Daten
118,FART, Società per le Ferrovie Autolinee Regionali Ticine,Bus Tessin,1551,"1",Bus - Überland/Berg,8,Keine Daten
119,TPF, Transports publics fribourgeois SA,Bus Fribourg,1493,"1",Bus - Überland/Berg,6,Ausfall ganze Fahrt
120,BVB, Basler Verkehrs-Betriebe,Basler Verkehrs,1436,"2",Bus - Agglomeration,2,Keine Daten Teilstrecke
121,LLB, Société anonyme des transports publics de Loèche-l,Bus Leuk,1412,"1",Bus - Überland/Berg,8,Keine Daten
122,AB, Appenzeller Bahnen AG,Appenzeller Bahnen,1344,"3",Bahn - Überland/Berg,7,Ausfall ganze Fahrt
123,BVB, Basler Verkehrs-Betriebe,Basler Verkehrs,1344,"2",Bus - Agglomeration,3,Status Unbekannt Teilstrecke
124,TSD, Theytaz Excursions SA,Theytaz,1332,"1",Bus - Überland/Berg,2,Status Unbekannt
125,FART, Società per le Ferrovie Autolinee Regionali Ticine,Bus Tessin,1322,"1",Bus - Überland/Berg,3,Keine Daten Teilstrecke
126,AAGS, Auto AG Schwyz,Bus Schwyz,1273,"1",Bus - Überland/Berg,8,Keine Daten Teilstrecke
127,SOB, Schweizerische Südostbahn AG,Südostbahn,1255,"4",Bahn - Überland/Regionalverkehr,7,Ausfall ganze Fahrt
128,SBW, Stadt Winterthur,Bus Winterthur,1236,"1",Bus - Überland/Berg,4,Ausfall ganze Fahrt
129,asm, Aare Seeland mobil AG,Bus Aare Seeland,1178,"1",Bus - Überland/Berg,8,Keine Daten Teilstrecke
130,SVB, Städtische Verkehrsbetriebe Bern (SVB),Bernmobil,1175,"2",Bus - Agglomeration,19,Keine Daten Teilstrecke
131,THURBO, Thurbo AG,Thurbo,1168,"4",Bahn - Überland/Regionalverkehr,22,Keine Daten
132,TPC, Transports Publics du Chablais SA,Bus Chablais ,1160,"1",Bus - Überland/Berg,9,Ausfall ganze Fahrt
133,zb, zb Zentralbahn AG,Zentralbahn,1126,"3",Bahn - Überland/Berg,7,Keine Daten
134,RA, REGIONALPS SA ,Regionalps,1100,"4",Bahn - Überland/Regionalverkehr,2,Status Unbekannt Teilstrecke
135,BuS, Bus und Service AG,BuS AG,1088,"1",Bus - Überland/Berg,4,Status Unbekannt Teilstrecke
136,BGU, BGU Busbetrieb Grenchen und Umgebung AG,Bus Grenchen,1082,"2",Bus - Agglomeration,12,Ausfall ganze Fahrt
137,VBSG, Stadt St. Gallen,Bus St.Gallen,1009,"2",Bus - Agglomeration,8,Keine Daten Teilstrecke
138,ASGS," René Ballestraz et fils, transports SA",Bus René Ballestraz,996,"1",Bus - Überland/Berg,1,Keine Daten
139,asm, Aare Seeland mobil AG,Bus Aare Seeland,978,"1",Bus - Überland/Berg,15,Ausfall ganze Fahrt
140,BBA, Busbetrieb Aarau AG (BBA),Bus Aarau,968,"2",Bus - Agglomeration,3,Keine Daten
141,SZU, Sihltal Zürich Uetliberg Bahn SZU AG,Bahn Sihltal,920,"1",Bus - Überland/Berg,8,Status Unbekannt Teilstrecke
142,TRN, Transports Publics Neuchâtelois SA,Bus Neuchatel,875,"1",Bus - Überland/Berg,10,Ausfall ganze Fahrt
143,asm, Aare Seeland mobil AG,Bus Aare Seeland,873,"1",Bus - Überland/Berg,12,Status Unbekannt
144,MGB, Matterhorn Gotthard Verkehrs AG,Bahn Matterhorn,872,"3",Bahn - Überland/Berg,3,Ausfall ganze Fahrt
145,AVA, Aargau Verkehr AG,Bus Aargau,821,"1",Bus - Überland/Berg,6,Status Unbekannt Teilstrecke
146,SBW, Stadt Winterthur,Bus Winterthur,810,"1",Bus - Überland/Berg,4,Status Unbekannt Teilstrecke
147,ARAG, Rottal Auto AG,Bus Rottal,809,"1",Bus - Überland/Berg,7,Ausfall ganze Fahrt
148,BRER, O. Schneider AG,Bus Schneider,809,"1",Bus - Überland/Berg,3,Keine Daten
149,AAGU, AUTO AG URI,Bus Uri,782,"1",Bus - Überland/Berg,9,Ausfall ganze Fahrt
150,LEB, Compagnie du chemin de fer Lausanne-Echallens-Berc,Bahn Lausanne,776,"3",Bahn - Überland/Berg,1,Ausfall ganze Fahrt
151,TSD, Theytaz Excursions SA,Theytaz,756,"1",Bus - Überland/Berg,2,Keine Daten
152,ABl, Autolinee Bleniesi SA,Bus Bleniesi,755,"1",Bus - Überland/Berg,5,Keine Daten
153,TPF, Transports publics fribourgeois SA,Bus Fribourg,754,"1",Bus - Überland/Berg,6,Status Unbekannt
154,TPF, Transports publics fribourgeois SA,Bus Fribourg,744,"1",Bus - Überland/Berg,15,Keine Daten Teilstrecke
155,VB, Verkehrsbetriebe Biel,Bus Biel,740,"1",Bus - Überland/Berg,11,Ausfall ganze Fahrt
156,AAGR, Auto AG Rothenburg,Bus Rothenburg,723,"2",Bus - Agglomeration,4,Ausfall ganze Fahrt
157,SNL, SOCIETA' NAVIGAZIONE DEL LAGO DI LUGANO SA,Bus Lugano,722,"4",Bus - Überland/Berg,1,Keine Daten Teilstrecke
158,RVBW, Regionale Verkehrsbetriebe Baden-Wettingen (RVBW) ,Bus Baden,716,"2",Bus - Agglomeration,2,Keine Daten
159,AVJ, Société anonyme des auto-transports de la Vallée d,Bus AVJ,712,"1",Bus - Überland/Berg,1,Status Unbekannt
160,BLAG, Busland AG,Busland,699,"1",Bus - Überland/Berg,20,Ausfall ganze Fahrt
161,MBC, Transports de la région Morges-Bière-Cossonay SA,Bahn MBC,685,"3",Bahn - Überland/Berg,6,Keine Daten Teilstrecke
162,WAB, Wengernalpbahn AG,Wengernalpbahn,681,"3",Bahn - Überland/Berg,1,Status Unbekannt
163,FLP, Ferrovie Luganesi SA,Bahn Lugano,672,"4",Bahn - Überland/Regionalverkehr,1,Keine Daten
164,STI, STI Bus AG,Verkehrsbetriebe Steffisburg-Thun-Interlaken,662,"1",Bus - Überland/Berg,13,Keine Daten Teilstrecke
165,AFA, Automobilverkehr Frutigen-Adelboden AG,Bus Frutigen,658,"1",Bus - Überland/Berg,6,Keine Daten
166,RA, REGIONALPS SA ,Regionalps,649,"4",Bahn - Überland/Regionalverkehr,3,Ausfall ganze Fahrt
167,ARL, Società Autolinee Regionali Luganesi,Bus Luganesi,628,"1",Bus - Überland/Berg,4,Keine Daten
168,VMCV, VMCV SA,Bus Montreux,611,"1",Bus - Überland/Berg,4,Ausfall ganze Fahrt
169,VZO, Verkehrsbetriebe Zürichsee und Oberland (VZO) AG,Bus Zürichsee,583,"2",Bus - Agglomeration,8,Keine Daten Teilstrecke
170,VBL, Verkehrsbetriebe Luzern AG,Bus Luzern,579,"2",Bus - Agglomeration,2,Status Unbekannt Teilstrecke
171,SBB, Schweizerische Bundesbahnen SBB,Schweizerische Bundesbahnen,576,"4",Bahn - Überland/Regionalverkehr,89,Status Unbekannt
172,MGB, Matterhorn Gotthard Verkehrs AG,Bahn Matterhorn,547,"3",Bahn - Überland/Berg,3,Keine Daten
173,VBG, VBG Verkehrsbetriebe Glattal AG,Bus Glattal,541,"1",Bus - Überland/Berg,8,Keine Daten Teilstrecke
174,AVA, Aargau Verkehr AG,Bus Aargau,540,"1",Bus - Überland/Berg,9,Ausfall ganze Fahrt
175,RhB, Rhätische Bahn AG  (RhB),Rhätische Bahn,529,"4",Bahn - Überland/Regionalverkehr,12,Ausfall ganze Fahrt
176,AAGR, Auto AG Rothenburg,Bus Rothenburg,507,"2",Bus - Agglomeration,4,Status Unbekannt Teilstrecke
177,SBG, SBG SüdbadenBus GmbH,Bus Südbaden,498,"1",Bus - Überland/Berg,1,Keine Daten
178,ARAG, Rottal Auto AG,Bus Rottal,494,"1",Bus - Überland/Berg,8,Status Unbekannt Teilstrecke
179,TRAVYS, TRAVYS - Transports Vallée-de-Joux - Yverdon-les-B,Bus Yverdon,489,"1",Bus - Überland/Berg,1,Status Unbekannt Teilstrecke
180,LEB, Compagnie du chemin de fer Lausanne-Echallens-Berc,Bahn Lausanne,472,"3",Bahn - Überland/Berg,1,Keine Daten
181,AB, Appenzeller Bahnen AG,Appenzeller Bahnen,462,"3",Bahn - Überland/Berg,7,Keine Daten
182,RBL, Regionalbus Lenzburg AG,Bus Lenzburg,460,"1",Bus - Überland/Berg,7,Ausfall ganze Fahrt
183,TRAVYS, TRAVYS - Transports Vallée-de-Joux - Yverdon-les-B,Bus Yverdon,458,"1",Bus - Überland/Berg,5,Keine Daten Teilstrecke
184,BBA, Busbetrieb Aarau AG (BBA),Bus Aarau,455,"2",Bus - Agglomeration,3,Ausfall ganze Fahrt
185,RVBW, Regionale Verkehrsbetriebe Baden-Wettingen (RVBW) ,Bus Baden,454,"2",Bus - Agglomeration,2,Ausfall ganze Fahrt
186,SOB, Schweizerische Südostbahn AG,Südostbahn,433,"4",Bahn - Überland/Regionalverkehr,7,Keine Daten
187,TMR, TMR Transports de Martigny et Régions SA,Bus Wallis,430,"1",Bus - Überland/Berg,4,Ausfall ganze Fahrt
188,BOGG, Busbetrieb Olten Gösgen Gäu AG,Bus Olten,426,"2",Bus - Agglomeration,11,Ausfall ganze Fahrt
189,VBSH, Stadt Schaffhausen,Bus Schaffhausen,422,"1",Bus - Überland/Berg,7,Ausfall ganze Fahrt
190,LLB, Société anonyme des transports publics de Loèche-l,Bus Leuk,414,"1",Bus - Überland/Berg,3,Verspätung
191,GWB, Grindelwald Bus AG,Grindelwald Bus,412,"1",Bus - Überland/Berg,3,Keine Daten Teilstrecke
192,AAGU, AUTO AG URI,Bus Uri,411,"1",Bus - Überland/Berg,9,Status Unbekannt Teilstrecke
193,GWB, Grindelwald Bus AG,Grindelwald Bus,398,"1",Bus - Überland/Berg,3,Status Unbekannt Teilstrecke
194,AVA, Aargau Verkehr AG,Bus Aargau,393,"1",Bus - Überland/Berg,3,Status Unbekannt
195,TRN, Transports Publics Neuchâtelois SA,Bus Neuchatel,384,"1",Bus - Überland/Berg,3,Keine Daten Teilstrecke
196,NStCM, Compagnie du chemin de fer Nyon-St-Cergue-Morez SA,Bahn Waadt,372,"3",Bahn - Überland/Berg,1,Keine Daten
197,BWS, Busbetriebe Bamert GmbH,Bus Bamert,365,"1",Bus - Überland/Berg,1,Keine Daten
198,BCS, Commune de Sion,Bus Sion,353,"1",Bus - Überland/Berg,4,Status Unbekannt Teilstrecke
199,BGU, BGU Busbetrieb Grenchen und Umgebung AG,Bus Grenchen,339,"2",Bus - Agglomeration,1,Keine Daten Teilstrecke
200,BLAG, Busland AG,Busland,314,"1",Bus - Überland/Berg,10,Keine Daten Teilstrecke
201,BOB, Berner Oberland-Bahnen AG,Berner Oberbland,300,"3",Bahn - Überland/Berg,2,Status Unbekannt
202,BOB, Berner Oberland-Bahnen AG,Berner Oberbland,291,"3",Bahn - Überland/Berg,2,Status Unbekannt Teilstrecke
203,SNL, SOCIETA' NAVIGAZIONE DEL LAGO DI LUGANO SA,Bus Lugano,285,"4",Bus - Überland/Berg,2,Keine Daten
204,AAGS, Auto AG Schwyz,Bus Schwyz,281,"1",Bus - Überland/Berg,11,Ausfall ganze Fahrt
205,BOS, BUS Ostschweiz AG,BUS Ostschweiz,281,"1",Bus - Überland/Berg,20,Verspätung
206,AWA, Ortsgemeinde Amden,Bus Amden,275,"1",Bus - Überland/Berg,1,Keine Daten
207,REGO, Regiobus (St. Gallen),Regiobus St. Gallen,274,"1",Bus - Überland/Berg,5,Keine Daten Teilstrecke
208,BLT, BLT Baselland Transport AG,Bus Baselland,273,"1",Bus - Überland/Berg,5,Keine Daten Teilstrecke
209,BLWE, Genossenschaft Busbetrieb Lichtensteig-Wattwil-Ebn,Bus Wattwil,273,"1",Bus - Überland/Berg,1,Keine Daten
210,VBSG, Stadt St. Gallen,Bus St.Gallen,257,"2",Bus - Agglomeration,7,Verspätung
211,VBZ, Stadt Zürich,Bus Zürich,252,"1",Bus - Überland/Berg,9,Keine Daten Teilstrecke
212,zb, zb Zentralbahn AG,Zentralbahn,243,"3",Bahn - Überland/Berg,7,Ausfall ganze Fahrt
213,BLS, BLS AG,Bern-Lötschberg-Simplon-Bahn,241,"4",Bahn - Überland/Regionalverkehr,29,Status Unbekannt Teilstrecke
214,TPC, Transports Publics du Chablais SA,Bus Chablais ,236,"1",Bus - Überland/Berg,3,Keine Daten Teilstrecke
215,PAG, PostAuto Schweiz AG,PostAuto,232,"1",Bus - Überland/Berg,114,Verspätung
216,RBS, Regionalverkehr Bern-Solothurn AG,Regionalverkehr Bern-Solothurn,232,"2",Bus - Agglomeration,13,Verspätung
217,VB, Verkehrsbetriebe Biel,Bus Biel,226,"1",Bus - Überland/Berg,7,Keine Daten Teilstrecke
218,BCS, Commune de Sion,Bus Sion,225,"1",Bus - Überland/Berg,4,Keine Daten
219,GWB, Grindelwald Bus AG,Grindelwald Bus,215,"1",Bus - Überland/Berg,3,Ausfall ganze Fahrt
220,BOB, Berner Oberland-Bahnen AG,Berner Oberbland,206,"3",Bahn - Überland/Berg,2,Ausfall ganze Fahrt
221,AB, Appenzeller Bahnen AG,Appenzeller Bahnen,196,"3",Bahn - Überland/Berg,5,Status Unbekannt Teilstrecke
222,TPN, TPN Transports publics de la Région Nyonnaise SA,Bus Nyon,193,"1",Bus - Überland/Berg,4,Keine Daten Teilstrecke
223,RhB, Rhätische Bahn AG  (RhB),Rhätische Bahn,192,"4",Bahn - Überland/Regionalverkehr,11,Keine Daten
224,BOB, Berner Oberland-Bahnen AG,Berner Oberbland,158,"3",Bahn - Überland/Berg,2,Keine Daten
225,BuS, Bus und Service AG,BuS AG,157,"1",Bus - Überland/Berg,2,Keine Daten Teilstrecke
226,BGU, BGU Busbetrieb Grenchen und Umgebung AG,Bus Grenchen,155,"2",Bus - Agglomeration,6,Verspätung
227,BLS, BLS AG,Bern-Lötschberg-Simplon-Bahn,147,"4",Bahn - Überland/Regionalverkehr,29,Status Unbekannt
228,MGB, Matterhorn Gotthard Verkehrs AG,Bahn Matterhorn,145,"3",Bahn - Überland/Berg,2,Status Unbekannt Teilstrecke
229,THURBO, Thurbo AG,Thurbo,144,"4",Bahn - Überland/Regionalverkehr,19,Status Unbekannt Teilstrecke
230,SBW, Stadt Winterthur,Bus Winterthur,143,"1",Bus - Überland/Berg,2,Keine Daten Teilstrecke
231,RBS, Regionalverkehr Bern-Solothurn AG,Regionalverkehr Bern-Solothurn,138,"2",Bus - Agglomeration,5,Keine Daten Teilstrecke
232,THURBO, Thurbo AG,Thurbo,130,"4",Bahn - Überland/Regionalverkehr,21,Status Unbekannt
233,WAB, Wengernalpbahn AG,Wengernalpbahn,127,"3",Bahn - Überland/Berg,1,Ausfall ganze Fahrt
234,VZO, Verkehrsbetriebe Zürichsee und Oberland (VZO) AG,Bus Zürichsee,119,"2",Bus - Agglomeration,10,Verspätung
235,REGO, Regiobus (St. Gallen),Regiobus St. Gallen,109,"1",Bus - Überland/Berg,7,Verspätung
236,AAGL, Autobus AG Liestal Öffentlicher Verkehr,Bus Liestal,96,"1",Bus - Überland/Berg,5,Verspätung
237,SZU, Sihltal Zürich Uetliberg Bahn SZU AG,Bahn Sihltal,87,"1",Bus - Überland/Berg,4,Keine Daten Teilstrecke
238,zb, zb Zentralbahn AG,Zentralbahn,73,"3",Bahn - Überland/Berg,7,Status Unbekannt
239,BLWE, Genossenschaft Busbetrieb Lichtensteig-Wattwil-Ebn,Bus Wattwil,72,"1",Bus - Überland/Berg,1,Verspätung
240,BOGG, Busbetrieb Olten Gösgen Gäu AG,Bus Olten,72,"2",Bus - Agglomeration,7,Keine Daten Teilstrecke
241,BSU, Busbetrieb Solothurn und Umgebung AG,Bus Solothurn,71,"2",Bus - Agglomeration,8,Keine Daten Teilstrecke
242,FART, Società per le Ferrovie Autolinee Regionali Ticine,Bus Tessin,63,"1",Bus - Überland/Berg,5,Ausfall ganze Fahrt
243,WAB, Wengernalpbahn AG,Wengernalpbahn,58,"3",Bahn - Überland/Berg,1,Keine Daten
244,RhB, Rhätische Bahn AG  (RhB),Rhätische Bahn,53,"4",Bahn - Überland/Regionalverkehr,12,Status Unbekannt
245,BSU, Busbetrieb Solothurn und Umgebung AG,Bus Solothurn,52,"2",Bus - Agglomeration,9,Verspätung
246,SOB, Schweizerische Südostbahn AG,Südostbahn,41,"4",Bahn - Überland/Regionalverkehr,7,Status Unbekannt Teilstrecke
247,WAB, Wengernalpbahn AG,Wengernalpbahn,40,"3",Bahn - Überland/Berg,1,Status Unbekannt Teilstrecke
248,AOT, Autokurse Oberthurgau AG (AOT),Bus Oberthurgau,38,"1",Bus - Überland/Berg,5,Verspätung
249,ARAG, Rottal Auto AG,Bus Rottal,38,"1",Bus - Überland/Berg,5,Verspätung
250,VMCV, VMCV SA,Bus Montreux,36,"1",Bus - Überland/Berg,3,Status Unbekannt
251,SZU, Sihltal Zürich Uetliberg Bahn SZU AG,Bahn Sihltal,35,"1",Bus - Überland/Berg,2,Status Unbekannt
252,SOB, Schweizerische Südostbahn AG,Südostbahn,32,"4",Bahn - Überland/Regionalverkehr,7,Status Unbekannt
253,RhB, Rhätische Bahn AG  (RhB),Rhätische Bahn,30,"4",Bahn - Überland/Regionalverkehr,2,Keine Daten Teilstrecke
254,BuS, Bus und Service AG,BuS AG,29,"1",Bus - Überland/Berg,3,Verspätung
255,VBL, Verkehrsbetriebe Luzern AG,Bus Luzern,28,"2",Bus - Agglomeration,2,Keine Daten Teilstrecke
256,BRER, O. Schneider AG,Bus Schneider,26,"1",Bus - Überland/Berg,3,Verspätung
257,STI, STI Bus AG,Verkehrsbetriebe Steffisburg-Thun-Interlaken,26,"1",Bus - Überland/Berg,10,Status Unbekannt
258,ZVB, Zugerland Verkehrsbetriebe AG,Bus Zug,26,"1",Bus - Überland/Berg,7,Verspätung
259,BCS, Commune de Sion,Bus Sion,23,"1",Bus - Überland/Berg,4,Ausfall ganze Fahrt
260,TPG, Transports publics genevois (TPG),Bus Genf,22,"2",Bus - Agglomeration,8,Verspätung
261,VBG, VBG Verkehrsbetriebe Glattal AG,Bus Glattal,22,"1",Bus - Überland/Berg,5,Verspätung
262,VBZ, Stadt Zürich,Bus Zürich,21,"1",Bus - Überland/Berg,5,Verspätung
263,BLT, BLT Baselland Transport AG,Bus Baselland,19,"1",Bus - Überland/Berg,5,Verspätung
264,VBSH, Stadt Schaffhausen,Bus Schaffhausen,19,"1",Bus - Überland/Berg,5,Verspätung
265,TMR, TMR Transports de Martigny et Régions SA,Bus Wallis,18,"1",Bus - Überland/Berg,1,Status Unbekannt Teilstrecke
266,asm, Aare Seeland mobil AG,Bus Aare Seeland,18,"1",Bus - Überland/Berg,5,Verspätung
267,AAGR, Auto AG Rothenburg,Bus Rothenburg,17,"2",Bus - Agglomeration,4,Verspätung
268,AVA, Aargau Verkehr AG,Bus Aargau,17,"1",Bus - Überland/Berg,2,Keine Daten Teilstrecke
269,TPL, TRASPORTI PUBBLICI LUGANESI SA (TPL),Lugano Bus,17,"1",Bus - Überland/Berg,3,Ausfall ganze Fahrt
270,zb, zb Zentralbahn AG,Zentralbahn,17,"3",Bahn - Überland/Berg,5,Status Unbekannt Teilstrecke
271,AFA, Automobilverkehr Frutigen-Adelboden AG,Bus Frutigen,16,"1",Bus - Überland/Berg,4,Ausfall ganze Fahrt
272,AMSA, Autolinea Mendrisiense SA,Bus Mendrisiense,16,"1",Bus - Überland/Berg,6,Ausfall ganze Fahrt
273,BLT, BLT Baselland Transport AG,Bus Baselland,16,"1",Bus - Überland/Berg,4,Status Unbekannt
274,MGB, Matterhorn Gotthard Verkehrs AG,Bahn Matterhorn,16,"3",Bahn - Überland/Berg,1,Keine Daten Teilstrecke
275,RhB, Rhätische Bahn AG  (RhB),Rhätische Bahn,14,"4",Bahn - Überland/Regionalverkehr,6,Status Unbekannt Teilstrecke
276,TPL, TRASPORTI PUBBLICI LUGANESI SA (TPL),Lugano Bus,14,"1",Bus - Überland/Berg,1,Verspätung
277,VMCV, VMCV SA,Bus Montreux,13,"1",Bus - Überland/Berg,2,Keine Daten Teilstrecke
278,AAGU, AUTO AG URI,Bus Uri,12,"1",Bus - Überland/Berg,4,Verspätung
279,AWA, Ortsgemeinde Amden,Bus Amden,12,"1",Bus - Überland/Berg,1,Verspätung
280,RBL, Regionalbus Lenzburg AG,Bus Lenzburg,12,"1",Bus - Überland/Berg,3,Keine Daten Teilstrecke
281,SVB, Städtische Verkehrsbetriebe Bern (SVB),Bernmobil,11,"2",Bus - Agglomeration,4,Verspätung
282,AAGR, Auto AG Rothenburg,Bus Rothenburg,10,"2",Bus - Agglomeration,2,Status Unbekannt
283,BBA, Busbetrieb Aarau AG (BBA),Bus Aarau,10,"2",Bus - Agglomeration,2,Keine Daten Teilstrecke
284,AAGS, Auto AG Schwyz,Bus Schwyz,9,"1",Bus - Überland/Berg,1,Status Unbekannt Teilstrecke
285,ARL, Società Autolinee Regionali Luganesi,Bus Luganesi,8,"1",Bus - Überland/Berg,2,Ausfall ganze Fahrt
286,BCS, Commune de Sion,Bus Sion,8,"1",Bus - Überland/Berg,3,Status Unbekannt
287,TSD, Theytaz Excursions SA,Theytaz,8,"1",Bus - Überland/Berg,1,Status Unbekannt Teilstrecke
288,AS, Autobetrieb Sernftal AG,Bus Sernftal,7,"1",Bus - Überland/Berg,1,Verspätung
289,TSD, Theytaz Excursions SA,Theytaz,7,"1",Bus - Überland/Berg,1,Keine Daten Teilstrecke
290,VB, Verkehrsbetriebe Biel,Bus Biel,7,"1",Bus - Überland/Berg,3,Verspätung
291,LEB, Compagnie du chemin de fer Lausanne-Echallens-Berc,Bahn Lausanne,6,"3",Bahn - Überland/Berg,1,Status Unbekannt Teilstrecke
292,STI, STI Bus AG,Verkehrsbetriebe Steffisburg-Thun-Interlaken,6,"1",Bus - Überland/Berg,2,Verspätung
293,TPC, Transports Publics du Chablais SA,Bus Chablais ,6,"1",Bus - Überland/Berg,1,Verspätung
294,BLAG, Busland AG,Busland,5,"1",Bus - Überland/Berg,4,Verspätung
295,SMC, Compagnie de Chemin de Fer et d'Autobus Sierre-Mon,Bahn Montana,5,"3",Bahn - Überland/Berg,2,Verspätung
296,SZU, Sihltal Zürich Uetliberg Bahn SZU AG,Bahn Sihltal,5,"1",Bus - Überland/Berg,2,Verspätung
297,AAGL, Autobus AG Liestal Öffentlicher Verkehr,Bus Liestal,4,"1",Bus - Überland/Berg,2,Ausfall ganze Fahrt
298,AFA, Automobilverkehr Frutigen-Adelboden AG,Bus Frutigen,4,"1",Bus - Überland/Berg,2,Keine Daten Teilstrecke
299,BBA, Busbetrieb Aarau AG (BBA),Bus Aarau,4,"2",Bus - Agglomeration,3,Verspätung
300,GWB, Grindelwald Bus AG,Grindelwald Bus,4,"1",Bus - Überland/Berg,2,Status Unbekannt
301,MBC, Transports de la région Morges-Bière-Cossonay SA,Bahn MBC,4,"3",Bahn - Überland/Berg,3,Verspätung
302,NStCM, Compagnie du chemin de fer Nyon-St-Cergue-Morez SA,Bahn Waadt,4,"3",Bahn - Überland/Berg,1,Keine Daten Teilstrecke
303,SBB, Schweizerische Bundesbahnen SBB,Schweizerische Bundesbahnen,4,"4",Bahn - Überland/Regionalverkehr,3,Verspätung
304,TRAVYS, TRAVYS - Transports Vallée-de-Joux - Yverdon-les-B,Bus Yverdon,4,"1",Bus - Überland/Berg,3,Verspätung
305,BVB, Basler Verkehrs-Betriebe,Basler Verkehrs,3,"2",Bus - Agglomeration,3,Status Unbekannt
306,FLP, Ferrovie Luganesi SA,Bahn Lugano,3,"4",Bahn - Überland/Regionalverkehr,1,Verspätung
307,TL, Transports Publics de la Région Lausannoise sa,Bus Lausanne,3,"2",Bus - Agglomeration,2,Verspätung
308,TPF, Transports publics fribourgeois SA,Bus Fribourg,3,"1",Bus - Überland/Berg,3,Verspätung
309,AAGU, AUTO AG URI,Bus Uri,2,"1",Bus - Überland/Berg,2,Keine Daten Teilstrecke
310,BCS, Commune de Sion,Bus Sion,2,"1",Bus - Überland/Berg,2,Verspätung
311,GWB, Grindelwald Bus AG,Grindelwald Bus,2,"1",Bus - Überland/Berg,1,Verspätung
312,RhB, Rhätische Bahn AG  (RhB),Rhätische Bahn,2,"4",Bahn - Überland/Regionalverkehr,2,Verspätung
313,SBW, Stadt Winterthur,Bus Winterthur,2,"1",Bus - Überland/Berg,1,Verspätung
314,TRN, Transports Publics Neuchâtelois SA,Bus Neuchatel,2,"1",Bus - Überland/Berg,2,Verspätung
315,VMCV, VMCV SA,Bus Montreux,2,"1",Bus - Überland/Berg,2,Verspätung
316,AAGR, Auto AG Rothenburg,Bus Rothenburg,1,"2",Bus - Agglomeration,1,Keine Daten Teilstrecke
317,ABl, Autolinee Bleniesi SA,Bus Bleniesi,1,"1",Bus - Überland/Berg,1,Verspätung
318,AMSA, Autolinea Mendrisiense SA,Bus Mendrisiense,1,"1",Bus - Überland/Berg,1,Verspätung
319,ARAG, Rottal Auto AG,Bus Rottal,1,"1",Bus - Überland/Berg,1,Keine Daten Teilstrecke
320,ARL, Società Autolinee Regionali Luganesi,Bus Luganesi,1,"1",Bus - Überland/Berg,1,Verspätung
321,AWA, Ortsgemeinde Amden,Bus Amden,1,"1",Bus - Überland/Berg,1,Keine Daten Teilstrecke
322,BOGG, Busbetrieb Olten Gösgen Gäu AG,Bus Olten,1,"2",Bus - Agglomeration,1,Verspätung
323,zb, zb Zentralbahn AG,Zentralbahn,1,"3",Bahn - Überland/Berg,1,Verspätung
